@id|amenity|name|covered|indoor|access|fee|bicycle_parking|surveillance|@lat|@lon
320623009|bicycle_parking||||||||45.4726962|9.1955726
320624887|bicycle_parking||yes||||stands||45.4435949|9.1678575
332507410|bicycle_parking||||||||45.5480946|9.1738893
332793228|bicycle_parking||||||rack||45.5511809|9.1815463
343585567|bicycle_parking||no||||stands||45.5444333|9.1978494
345364780|bicycle_parking||no||yes|no|wall_loops||45.5484341|9.1867220
345406165|bicycle_parking||no||||wall_loops||45.5489824|9.1910041
345411587|bicycle_parking||no||||wall_loops||45.5488538|9.1909196
350878986|bicycle_parking||||||wall_loops||45.5536628|9.1932040
358000068|bicycle_parking||||||||45.3981846|8.9204265
360067083|bicycle_parking||||||||45.5485733|9.1799285
361525494|bicycle_parking||||||||45.5473395|9.1794817
368970109|bicycle_parking||||||||45.5464577|9.2156980
368970149|bicycle_parking||||||||45.5468185|9.2166569
605375624|bicycle_parking||no||||||45.5648114|9.1614303
611918825|bicycle_parking||||||||45.5717661|9.2088718
611937136|bicycle_parking||||||||45.5727740|9.2093989
618301090|bicycle_parking||yes||yes|no|rack||45.4762777|9.2312824
623729757|bicycle_parking||yes|||no|||45.4693543|8.8790257
639284703|bicycle_parking||||||||45.5459100|9.1681872
639298243|bicycle_parking||||||||45.5455931|9.1667181
639298246|bicycle_parking||||||||45.5469009|9.1681236
639309123|bicycle_parking||||||||45.5466502|9.1661573
639311690|bicycle_parking||||||||45.5468468|9.1667933
639311718|bicycle_parking||||||||45.5473551|9.1667715
656494385|bicycle_parking||||||||45.5444624|9.1630264
660897064|bicycle_parking||||||||45.5448886|9.1626388
778684853|bicycle_parking||||||shed||45.4684776|8.8811165
940888426|bicycle_parking||||||||45.3869839|8.9095768
995634868|bicycle_parking||||||Verona_rack||45.4556605|9.1132424
1036264350|bicycle_parking||||||||45.5579107|9.2148223
1036264384|bicycle_parking||||||||45.5596548|9.2139748
1084447437|bicycle_parking||||||||45.5423025|9.1733609
1084586422|bicycle_parking||||||||45.5419471|9.1730264
1088113808|bicycle_parking||||||||45.5393188|9.1673355
1088227264|bicycle_parking||||||||45.5390124|9.1666128
1120499948|bicycle_parking||||||||45.5428392|9.1725815
1134691958|bicycle_parking||||||||45.5440923|9.1727875
1134691998|bicycle_parking||||||||45.5434118|9.1727484
1134692030|bicycle_parking||||||||45.5433856|9.1719928
1274238549|bicycle_parking||||||stands||45.4763388|9.1719623
1279027045|bicycle_parking||no||||stands||45.4760207|9.1714794
1342407382|bicycle_parking||||||||45.4477383|9.0372533
1370018268|bicycle_parking||||||||45.5466638|9.2035334
1453434841|bicycle_parking||no||||wall_loops||45.6108278|9.5221309
1469588063|bicycle_parking||||||||45.5494538|8.7230660
1478217337|bicycle_parking||no||||wall_loops||45.4809641|9.1711318
1478217338|bicycle_parking||no||||wall_loops||45.4810131|9.1715837
1478217339|bicycle_parking||no||||wall_loops||45.4810125|9.1724152
1478217340|bicycle_parking||no||||wall_loops||45.4810188|9.1716481
1525006603|bicycle_parking||||||||45.5214278|9.1679937
1549038725|bicycle_parking||no||||||45.5140680|9.2106586
1549044529|bicycle_parking||||||||45.5120183|9.2094605
1558406795|bicycle_parking||||||wall_loops||45.5463897|9.1723343
1582773028|bicycle_parking||||||wall_loops||45.5563619|9.1929009
1589405191|bicycle_parking||yes||||stands||45.5015203|9.1573701
1594544206|bicycle_parking||no||||||45.5019040|9.1543064
1594544210|bicycle_parking||no||||wall_loops||45.5035246|9.1576384
1594544221|bicycle_parking||no||||wall_loops||45.5009620|9.1550160
1594544224|bicycle_parking||no||||wall_loops||45.5016463|9.1583096
1594544226|bicycle_parking||no||||wall_loops||45.5033852|9.1566888
1603742037|bicycle_parking||no||||stands||45.5053789|9.1663176
1603742070|bicycle_parking||no||||stands||45.5044541|9.1656053
1604848850|bicycle_parking||yes||||||45.5042949|9.1663420
1605258264|bicycle_parking||||||wall_loops||45.5345543|9.3718795
1605258266|bicycle_parking||||||wall_loops||45.5366559|9.3723730
1605258279|bicycle_parking||||||wall_loops||45.5372966|9.3702302
1607858690|bicycle_parking||no||||wall_loops||45.5350405|9.3723532
1607858711|bicycle_parking||||||wall_loops||45.5385018|9.3733040
1607858717|bicycle_parking||||||wall_loops||45.5290207|9.3783117
1607858736|bicycle_parking||||private||wall_loops||45.5331617|9.3766137
1607858742|bicycle_parking||||||wall_loops||45.5392806|9.3758845
1607858753|bicycle_parking||||||wall_loops||45.5379829|9.3721542
1607858759|bicycle_parking||||||wall_loops||45.5374383|9.3733226
1607858774|bicycle_parking||||||wall_loops||45.5389750|9.3746227
1607858778|bicycle_parking||||||wall_loops||45.5297533|9.3739990
1607858780|bicycle_parking||||||wall_loops||45.5328502|9.3741380
1607862106|bicycle_parking||||||wall_loops||45.5312685|9.3712148
1620559045|bicycle_parking||no||||Verona_rack||45.4686698|9.1771218
1627359025|bicycle_parking||yes||||wall_loops||45.5207368|9.3462243
1629527661|bicycle_parking||||||wall_loops||45.5385421|9.3738535
1667929339|bicycle_parking||||||||45.5365359|9.2165061
1669439397|bicycle_parking||||||||45.4267069|9.2705767
1669439447|bicycle_parking||||||||45.4156249|9.2707379
1669452393|bicycle_parking||||||||45.4173288|9.2676560
1679397454|bicycle_parking||no||||wall_loops||45.5043687|9.1644529
1680904217|bicycle_parking||||||wall_loops||45.5574311|9.1833931
1703069027|bicycle_parking||no||||wall_loops||45.4915784|9.1461219
1703069034|bicycle_parking||no||||wall_loops||45.4915991|9.1462346
1703069042|bicycle_parking||no||||wall_loops||45.4915653|9.1460213
1717885600|bicycle_parking||no||||wall_loops||45.5215972|9.3621001
1734321526|bicycle_parking||||||||45.5808340|9.1567504
1745534882|bicycle_parking||yes||||||45.5024615|9.4212573
1749918162|bicycle_parking||||customers||anchors||45.5179595|9.3601170
1754980507|bicycle_parking||no||||wall_loops||45.4893375|9.2211648
1754980511|bicycle_parking||no||||wall_loops||45.4902434|9.2223590
1757795552|bicycle_parking||||||Verona_rack||45.5242789|9.1920967
1757795554|bicycle_parking||||||Verona_rack||45.5255335|9.1922516
1764577563|bicycle_parking||yes||||stands||45.4558042|9.1135139
1767522728|bicycle_parking||||||||45.5675701|9.1597192
1767522791|bicycle_parking||||||rack||45.5677603|9.1620982
1767522795|bicycle_parking||||||rack||45.5678537|9.1620764
1771384041|bicycle_parking||no||||stands||45.5014058|9.1540426
1772534525|bicycle_parking||||||||45.5044340|9.2481032
1773442549|bicycle_parking|Parcheggio bici|||||||45.5283146|9.2036572
1782509456|bicycle_parking||no||||||45.5282478|9.3753224
1785091297|bicycle_parking||||||||45.5233687|9.3227406
1785091434|bicycle_parking||||||||45.5235265|9.3224241
1788781024|bicycle_parking||||||||45.5686583|9.1683605
1789968807|bicycle_parking||||||||45.4154468|9.2708088
1826572100|bicycle_parking||||||||45.4544985|9.2145669
1918565740|bicycle_parking||||||wall_loops||45.5310828|9.3736727
1918565753|bicycle_parking||||||wall_loops||45.5311722|9.3736309
1927035776|bicycle_parking||||||||45.4271660|9.2597441
1943345518|bicycle_parking||no||||Verona_rack||45.4867570|9.1913898
1943345522|bicycle_parking||||||Verona_rack||45.4870373|9.1914749
1943345526|bicycle_parking||||||Verona_rack||45.4871522|9.1914492
1943345528|bicycle_parking||||||Verona_rack||45.4872569|9.1912822
1943345531|bicycle_parking||||||Verona_rack||45.4872659|9.1914251
1943345534|bicycle_parking||no||||Verona_rack||45.4881238|9.1911055
1943345552|bicycle_parking||no||||Verona_rack||45.4886665|9.1909776
1957267370|bicycle_parking||||||wall_loops||45.5323093|9.3776706
1957267402|bicycle_parking||||||wall_loops||45.5316562|9.3779693
1961618133|bicycle_parking||||||||45.4012632|9.1474447
1961618137|bicycle_parking||||||wall_loops||45.4024906|9.1431726
1974315824|bicycle_parking||no||||stands||45.4685863|9.1824199
1986268387|bicycle_parking||||||||45.5293493|9.0296132
1992360759|bicycle_parking||yes||||||45.5264915|9.5218642
2000293852|bicycle_parking||||||||45.5159356|9.1652493
2046200318|bicycle_parking||||||||45.4974694|9.3740702
2046688249|bicycle_parking||||||||45.4974565|9.3728571
2083149508|bicycle_parking||||||Verona_rack||45.4727186|9.2367697
2083149512|bicycle_parking||yes||||wall_loops||45.4784820|9.2341270
2083149514|bicycle_parking||no||||wall_loops||45.4794300|9.2368890
2087934561|bicycle_parking||||||wall_loops||45.5560898|9.1921849
2087934569|bicycle_parking||||||wall_loops||45.5563041|9.1918169
2087934642|bicycle_parking||||||||45.5586928|9.1904117
2090322099|bicycle_parking||no||||Verona_rack||45.4656749|9.1860861
2096701074|bicycle_parking||no||||wall_loops||45.4774275|9.1844999
2101678555|bicycle_parking||no||||wall_loops||45.4807153|9.1719183
2101678556|bicycle_parking||no||||wall_loops||45.4807880|9.1718860
2101678557|bicycle_parking||no||||wall_loops||45.4813594|9.1755189
2101678558|bicycle_parking||no||||wall_loops||45.4813689|9.1756420
2101678559|bicycle_parking||no||||wall_loops||45.4814300|9.1770546
2101678561|bicycle_parking||||||wall_loops||45.4816025|9.1788628
2101678562|bicycle_parking||no||||wall_loops||45.4816322|9.1793377
2101678563|bicycle_parking||no||||wall_loops||45.4817178|9.1796951
2101678568|bicycle_parking||no||||wall_loops||45.4817735|9.1803077
2107237389|bicycle_parking||no||||stands||45.4780148|9.1641012
2107237390|bicycle_parking||no||||stands||45.4780622|9.1640048
2107237391|bicycle_parking||||||stands||45.4787817|9.1664623
2107237392|bicycle_parking||||||stands||45.4789607|9.1667429
2107237393|bicycle_parking||no||||wall_loops||45.4817295|9.1601365
2107237394|bicycle_parking||no||||wall_loops||45.4817276|9.1602076
2107237395|bicycle_parking||no||||wall_loops||45.4817856|9.1602736
2107237397|bicycle_parking||yes||||wall_loops||45.4824813|9.1588051
2107403081|bicycle_parking||no||||stands||45.4678372|9.2165272
2107403101|bicycle_parking||no||||stands||45.4681060|9.2165310
2107403108|bicycle_parking||no||||stands||45.4681069|9.2166033
2107593582|bicycle_parking||no||||ground_slots||45.5839348|8.9792917
2112352562|bicycle_parking||no||||Verona_rack||45.4678391|9.2166065
2112352566|bicycle_parking||no||||stands||45.4717690|9.2301790
2112352567|bicycle_parking||no||||stands||45.4726021|9.2315090
2112352568|bicycle_parking||no||||stands||45.4743690|9.2367710
2112862538|bicycle_parking||no||||Verona_rack||45.4663081|9.1913528
2112862539|bicycle_parking||||||Verona_rack||45.4671460|9.1972540
2112862541|bicycle_parking||no||||Verona_rack||45.4679441|9.1756780
2112862542|bicycle_parking||no||||Verona_rack||45.4753350|9.2060660
2112862543|bicycle_parking||no||||Verona_rack||45.4760240|9.2065000
2112862544|bicycle_parking||||||Verona_rack||45.4761700|9.2066400
2112862545|bicycle_parking||no||||Verona_rack||45.4767830|9.2072780
2112862549|bicycle_parking||no||||Verona_rack||45.4790140|9.2095040
2112862550|bicycle_parking||no||||Verona_rack||45.4797590|9.2102340
2112862551|bicycle_parking||no||||Verona_rack||45.4814660|9.2121650
2112862552|bicycle_parking||no||||Verona_rack||45.4821203|9.2128568
2112862553|bicycle_parking||no||||Verona_rack||45.4826609|9.2133478
2112862554|bicycle_parking||no||||Verona_rack||45.4841820|9.2368120
2112862555|bicycle_parking||no||||Verona_rack||45.4842650|9.2360820
2112862558|bicycle_parking||no||||Verona_rack||45.4967990|9.1104260
2114455958|bicycle_parking||||||Verona_rack||45.4347030|9.2360790
2114455962|bicycle_parking||||||wall_loops||45.4505425|9.1748760
2114455965|bicycle_parking||||||Verona_rack||45.4651330|9.1862010
2114455968|bicycle_parking||||||Verona_rack||45.4670252|9.1927873
2114455978|bicycle_parking||||||Verona_rack||45.4674990|9.1795550
2114455979|bicycle_parking||||||Verona_rack||45.4838656|9.2026371
2114455990|bicycle_parking||||||stands||45.5071278|9.1353006
2114456000|bicycle_parking||||||wall_loops||45.5283061|9.1633907
2117475921|bicycle_parking||||||||45.5743977|9.1834559
2118422071|bicycle_parking||no||||Verona_rack||45.4518479|9.2029967
2118422072|bicycle_parking||no||||Verona_rack||45.4520062|9.2028831
2118422073|bicycle_parking||||||Verona_rack||45.4588270|9.2244950
2118422076|bicycle_parking||no||||Verona_rack||45.4671367|9.1917676
2118422077|bicycle_parking||no||||Verona_rack||45.4670180|9.1936390
2118422078|bicycle_parking||no||||Verona_rack||45.4670338|9.1938983
2118422080|bicycle_parking||no||||Verona_rack||45.4689949|9.1778241
2118422081|bicycle_parking||no||||Verona_rack||45.4776820|9.2248360
2118422082|bicycle_parking||||||Verona_rack||45.4786481|9.2131871
2118422083|bicycle_parking||||||Verona_rack||45.4836753|9.1522790
2118422084|bicycle_parking||no||||Verona_rack||45.4831314|9.1533362
2118422085|bicycle_parking||no||||Verona_rack||45.4866537|9.2164386
2118422086|bicycle_parking||||||Verona_rack||45.4891555|9.1270653
2118422087|bicycle_parking||no||||Verona_rack||45.4972428|9.2077945
2118422089|bicycle_parking||||||Verona_rack||45.5055030|9.0936620
2118422090|bicycle_parking||no||||Verona_rack||45.5071564|9.1342971
2119897456|bicycle_parking||||||||45.4431347|9.1681027
2119897461|bicycle_parking||||||Verona_rack||45.4551892|9.1135859
2119897466|bicycle_parking||||||Verona_rack||45.4552656|9.1139370
2119897470|bicycle_parking||||||Verona_rack||45.4599154|9.2013620
2119897475|bicycle_parking||||||Verona_rack||45.4643200|9.1834440
2119897483|bicycle_parking||||||Verona_rack||45.4661030|9.1975120
2119897495|bicycle_parking||no||||stands||45.4681484|9.1779852
2119897503|bicycle_parking||||||Verona_rack||45.4745830|9.2109070
2119897506|bicycle_parking||||||Verona_rack||45.4752000|9.1856350
2119897507|bicycle_parking||no||||Verona_rack||45.4791096|9.2012395
2119897508|bicycle_parking||||||Verona_rack||45.4839425|9.1871312
2119897521|bicycle_parking||||||Verona_rack||45.4857620|9.1871770
2119897525|bicycle_parking||no||||Verona_rack||45.4911477|9.2184833
2119897533|bicycle_parking||||||Verona_rack||45.4964940|9.1155010
2119897542|bicycle_parking||no||||Verona_rack||45.5117697|9.2146353
2125281107|bicycle_parking||no||||stands||45.4772226|9.2346113
2125281113|bicycle_parking||no||||stands||45.4773257|9.2349990
2125281116|bicycle_parking||no||||stands||45.4773281|9.2346300
2125281124|bicycle_parking||no||||stands||45.4778479|9.2355350
2125281129|bicycle_parking||no||||wall_loops||45.4789120|9.2367710
2129719611|bicycle_parking||||||stands||45.4815140|9.1684018
2131348311|bicycle_parking||||||verona||45.4764560|9.2082490
2131348324|bicycle_parking||||||verona||45.4765090|9.2082600
2131348977|bicycle_parking||||||verona||45.4845540|9.1956210
2131348984|bicycle_parking||yes||||stands||45.4846670|9.1957280
2137956623|bicycle_parking||no||||stands||45.4796268|9.1726624
2148679314|bicycle_parking||||||stands||45.4569605|9.1824352
2155046703|bicycle_parking||no||||stands||45.5502948|9.2173624
2156277783|bicycle_parking||no||||wall_loops||45.5499004|9.1954266
2156277814|bicycle_parking||||||rack||45.5503129|9.1951041
2157550541|bicycle_parking||no||||stands||45.4476448|9.1932714
2157550542|bicycle_parking||||||stands||45.4484021|9.1895117
2157550543|bicycle_parking||||||stands||45.4530969|9.1783503
2157550544|bicycle_parking||||||wall_loops||45.4555763|9.2208217
2157550545|bicycle_parking||yes||||wall_loops||45.4622195|9.2261552
2157550546|bicycle_parking||no||||Verona_rack||45.4677425|9.1765055
2157550547|bicycle_parking||||||stands||45.4724312|9.1635102
2157550548|bicycle_parking||no||||verona_rack||45.4800766|9.1990435
2157550549|bicycle_parking||no||||Verona_rack||45.4803671|9.1984226
2157550550|bicycle_parking||||||wall_loops||45.4807687|9.1987753
2157550552|bicycle_parking||yes||||stands||45.4840935|9.1953474
2168973226|bicycle_parking||no||||wall_loops||45.4756456|9.1959107
2168973230|bicycle_parking||no||||stands||45.4846652|9.2042148
2168973231|bicycle_parking||no||||stands||45.4848231|9.2039037
2168973232|bicycle_parking||no||||stands||45.4852594|9.2030025
2168973233|bicycle_parking||yes||||wall_loops||45.4853050|9.1648125
2168973237|bicycle_parking||no||||stands||45.4854174|9.2026699
2168973241|bicycle_parking||||||wall_loops||45.4859552|9.1965759
2168973244|bicycle_parking||yes||||stands||45.4870759|9.1961038
2168973249|bicycle_parking||yes||||wall_loops||45.4872339|9.1960287
2168973255|bicycle_parking||||||wall_loops||45.4873956|9.1967797
2168973257|bicycle_parking||||||wall_loops||45.4878243|9.1964149
2168973258|bicycle_parking||no||||Verona_rack||45.4973254|9.2079931
2168973260|bicycle_parking||yes||||wall_loops||45.5070803|9.1355344
2168973261|bicycle_parking||||||wall_loops||45.5116834|9.1311411
2168973262|bicycle_parking||||||informal||45.5176056|9.1197842
2168973263|bicycle_parking||||||informal||45.5176718|9.1197862
2168973264|bicycle_parking||||||stands||45.5177116|9.1189614
2175986844|bicycle_parking||||||stands||45.4473700|9.1205080
2175986856|bicycle_parking||||||stands||45.4536175|9.1154487
2175986864|bicycle_parking||||||stands||45.4538776|9.1161126
2175986871|bicycle_parking||||||stands||45.4539845|9.1159634
2175986878|bicycle_parking||||||stands||45.4551359|9.1134264
2175986883|bicycle_parking||yes||||stands||45.4552554|9.1138391
2175986890|bicycle_parking||yes||||stands||45.4574598|9.1226367
2175986896|bicycle_parking||||||stands||45.4595336|9.1278623
2175986906|bicycle_parking||||||stands||45.4607517|9.1389709
2175986911|bicycle_parking||||||stands||45.4610325|9.1368647
2175986915|bicycle_parking||||||stands||45.4610779|9.1364649
2175986919|bicycle_parking||||||stands||45.4700547|9.1612674
2175986925|bicycle_parking||||||stands||45.4701216|9.1610528
2175986931|bicycle_parking||||||stands||45.4741775|9.1635077
2175986938|bicycle_parking||||||stands||45.4745003|9.1630713
2182298346|bicycle_parking||no||||wall_loops||45.5052740|9.2474809
2192353203|bicycle_parking||no||||Verona_rack||45.4752969|9.2039070
2192353213|bicycle_parking||no||||Verona_rack||45.4828501|9.1896524
2192353217|bicycle_parking||||||Verona_rack||45.4829508|9.1907580
2192353219|bicycle_parking||no||||Verona_rack||45.4829922|9.1887790
2192353220|bicycle_parking||no||||Verona_rack||45.4832647|9.1884513
2193313267|bicycle_parking||no||||stands||45.4413383|9.2209419
2193313268|bicycle_parking||||||stands||45.4416164|9.2211969
2193313269|bicycle_parking||||||stands||45.4440922|9.2160937
2194418298|bicycle_parking||no||||ground_slots||45.5527531|9.1927769
2194737151|bicycle_parking||||||Verona_rack||45.4620581|9.2023254
2194737152|bicycle_parking||no||||Verona_rack||45.4623833|9.2011711
2194737153|bicycle_parking||no||||stands||45.4629563|9.1899856
2194737154|bicycle_parking||no||||stands||45.4655609|9.1859853
2198358764|bicycle_parking||||||Verona_rack||45.4839399|9.1873166
2199857350|bicycle_parking||||||stands||45.4727925|9.1598598
2199857354|bicycle_parking||no||||wall_loops||45.4733220|9.1562599
2199857357|bicycle_parking||no||||stands||45.4795494|9.1479274
2199857358|bicycle_parking||||||stands||45.4809892|9.1557823
2199857359|bicycle_parking||yes||||stands||45.4811706|9.1515210
2205997857|bicycle_parking||||||stands||45.5380053|9.2179757
2205997858|bicycle_parking||||||stands||45.5380160|9.2179055
2205997870|bicycle_parking||no||||ground_slots||45.5444912|9.2165034
2205997990|bicycle_parking|||||no|stands||45.5470514|9.2096991
2205998005|bicycle_parking|||||no|stands||45.5474440|9.2094394
2207950697|bicycle_parking||no||||stands||45.4784785|9.2328931
2223187817|bicycle_parking||||||wall_loops||45.5194931|9.3316270
2223187834|bicycle_parking||||||wall_loops||45.5195364|9.3306438
2223187845|bicycle_parking||||||wall_loops||45.5196034|9.3316310
2223188117|bicycle_parking||no||||wall_loops||45.5215192|9.3305189
2223188154|bicycle_parking||no||||wall_loops||45.5218076|9.3305096
2228843692|bicycle_parking||no||||wall_loops||45.5255415|9.3762615
2228843695|bicycle_parking||no||||wall_loops||45.5256212|9.3764361
2228857713|bicycle_parking||||||wall_loops||45.5315403|9.3764287
2228857714|bicycle_parking||no||||wall_loops||45.5326347|9.3729867
2228857715|bicycle_parking||||||wall_loops||45.5318569|9.3730554
2228857716|bicycle_parking||||||wall_loops||45.5328889|9.3742751
2252712885|bicycle_parking||||||stands||45.4892560|9.1853750
2252712893|bicycle_parking||no||||floor||45.4703823|9.1557751
2257692550|bicycle_parking||no||||Verona_rack||45.5021456|9.1596604
2258763061|bicycle_parking||yes||||stands||45.4436876|9.1677178
2258763070|bicycle_parking||no||||stands||45.4462781|9.1601313
2258763079|bicycle_parking||no||||stands||45.4503868|9.1557177
2258763085|bicycle_parking||no||||stands||45.4504164|9.1558036
2258763089|bicycle_parking||||||stands||45.4558655|9.1724252
2258763097|bicycle_parking||no||||ground_slots||45.4601542|9.1549834
2258763103|bicycle_parking||no||||wall_loops||45.4606844|9.1550735
2258763115|bicycle_parking||||||Verona_rack||45.4677575|9.1777471
2258763120|bicycle_parking||no||||Verona_rack||45.4679754|9.1567962
2258763125|bicycle_parking||yes||||wall_loops||45.4681349|9.1758900
2258763132|bicycle_parking||yes||||Verona_rack||45.4681563|9.1759796
2258763141|bicycle_parking||yes||||wall_loops||45.4682619|9.1761011
2258763149|bicycle_parking||no||||Verona_rack||45.4683772|9.1775337
2258763158|bicycle_parking||no||||stands||45.4688699|9.1768503
2258763165|bicycle_parking||no||||stands||45.4718162|9.1734419
2258763172|bicycle_parking||no||||stands||45.4718727|9.1734458
2258763180|bicycle_parking||||||stands||45.4718973|9.1733639
2258763186|bicycle_parking||||||stands||45.4719657|9.1730573
2258763192|bicycle_parking||||||stands||45.4720294|9.1731691
2260017239|bicycle_parking||||||stands||45.4677662|9.1611208
2260017241|bicycle_parking||yes||||stands||45.4680013|9.1603607
2260076881|bicycle_parking||||customers||wall_loops||45.4459466|9.1234853
2265582782|bicycle_parking||no||||stands||45.5287480|9.2105542
2267992342|bicycle_parking||no|no|yes|no|stands||45.4805110|9.1624194
2267992351|bicycle_parking||no|no|yes|no|stands||45.4805761|9.1625534
2279193273|bicycle_parking||no||||wall_loops||45.4814282|9.1691020
2279193769|bicycle_parking||||||stands||45.4757321|9.1973376
2279193774|bicycle_parking||no||||verona_rack||45.4760857|9.1972840
2291233541|bicycle_parking||yes|||yes|wall_loops||45.5217393|9.3625359
2291509729|bicycle_parking||||||stands||45.4635578|9.1958682
2291509735|bicycle_parking||||||stands||45.4708668|9.2011897
2291509738|bicycle_parking||||||stands||45.4826455|9.2007836
2291512388|bicycle_parking||no||||Verona_rack||45.4840087|9.1887372
2291513584|bicycle_parking||||||stands||45.4683657|9.1816446
2298147442|bicycle_parking||no||||ground_slots||45.5255529|9.3762972
2299781965|bicycle_parking||no||||stands||45.4797843|9.1898978
2299781966|bicycle_parking||||||Verona_rack||45.4803212|9.1905302
2302418327|bicycle_parking||no||||wall_loops||45.4615983|9.1970601
2302418328|bicycle_parking||||||stands||45.4617010|9.1919957
2302418329|bicycle_parking||||||stands||45.4619675|9.1901110
2302418333|bicycle_parking||no||yes||stands||45.4624053|9.1961077
2302418335|bicycle_parking||no||||stands||45.4632729|9.1891535
2302418338|bicycle_parking||no||||stands||45.4640834|9.1950066
2302418340|bicycle_parking||||||stands||45.4680861|9.1828650
2305466642|bicycle_parking||||||wall_loops||45.5527149|9.3501810
2319784799|bicycle_parking||no||||wall_loops||45.4898476|9.2232478
2325412786|bicycle_parking||||||wall_loops||45.5242686|9.3656773
2325417585|bicycle_parking||||||wall_loops||45.5311212|9.3712183
2325558509|bicycle_parking||yes||||wall_loops||45.5548402|9.2167165
2325843830|bicycle_parking||||||stands||45.5581643|9.2136748
2328373440|bicycle_parking||||||wall_loops||45.5318205|9.3703342
2328373442|bicycle_parking||||||wall_loops||45.5319836|9.3702872
2330549337|bicycle_parking||||||stands||45.4451656|9.1148422
2330549338|bicycle_parking||no||||wall_loops||45.4453500|9.1231914
2330549339|bicycle_parking||no||||wall_loops||45.4453774|9.1232730
2330549340|bicycle_parking||no||||wall_loops||45.4454547|9.1235270
2330549341|bicycle_parking||no||||wall_loops||45.4454807|9.1236132
2330549355|bicycle_parking||yes||||stands||45.4616633|9.1359489
2330549356|bicycle_parking||no||||stands||45.4636325|9.1386692
2330549357|bicycle_parking||||||wall_loops||45.4714903|9.1375409
2330549358|bicycle_parking||||||wall_loops||45.4714914|9.1372667
2330549359|bicycle_parking||no||||stands||45.4763457|9.1619267
2330549360|bicycle_parking||no||||stands||45.4803419|9.1418263
2330549361|bicycle_parking||||||stands||45.4805018|9.1422230
2330549362|bicycle_parking||||||stands||45.4806369|9.1423633
2330549364|bicycle_parking||no||||Verona_rack||45.4832257|9.1532158
2330549365|bicycle_parking||no||||Verona_rack||45.4838626|9.1520566
2330549366|bicycle_parking||no||||Verona_rack||45.4841267|9.1517240
2338952115|bicycle_parking||||||Verona_rack||45.4669895|9.1945696
2338952116|bicycle_parking||no||yes|no|wall_loops||45.4777631|9.2270017
2338952117|bicycle_parking||no||||stands||45.4783546|9.2271138
2338952118|bicycle_parking||no||||stands||45.4796456|9.2266321
2338952119|bicycle_parking||no||||stands||45.4803529|9.2266219
2380352797|bicycle_parking|Piazzetta Marietti|||||wall_loops||45.5385805|9.4813707
2382660390|bicycle_parking||no||||wall_loops||45.5300088|9.2174661
2382660391|bicycle_parking||no||||wall_loops||45.5302611|9.2178898
2394469902|bicycle_parking||no||||stands||45.4981364|9.1857377
2401398668|bicycle_parking||||||stands||45.4497173|9.1290007
2422591807|bicycle_parking||||||||45.5218000|9.1679161
2435243898|bicycle_parking||no||||stands||45.5210943|9.1647468
2436966380|bicycle_parking||||||wall_loops||45.5231012|9.3304308
2436966386|bicycle_parking||||||wall_loops||45.5231018|9.3303772
2436966394|bicycle_parking||||||wall_loops||45.5231025|9.3303236
2441177309|bicycle_parking||||||wall_loops||45.5365258|9.2186258
2441177312|bicycle_parking||||||wall_loops||45.5411768|9.2356770
2441268030|bicycle_parking||no||||stands||45.4858724|9.1868946
2449157678|bicycle_parking||||||wall_loops||45.4760175|9.1816679
2449157681|bicycle_parking||||||wall_loops||45.4766050|9.1828129
2449157682|bicycle_parking||no||||wall_loops||45.4772920|9.1842583
2463357273|bicycle_parking||yes||||stands||45.5690994|9.1598726
2463357281|bicycle_parking||yes||||stands||45.5690559|9.1595903
2466879797|bicycle_parking||yes||||stands||45.4468014|9.2106035
2467468351|bicycle_parking||no||||wall_loops||45.5274337|9.3324648
2473600061|bicycle_parking||||||stands||45.4723641|9.2194130
2473600062|bicycle_parking||||||wall_loops||45.4728586|9.2181667
2473600063|bicycle_parking||no||||stands||45.4742519|9.2322224
2473600064|bicycle_parking||no||||stands||45.4742066|9.2324536
2473600065|bicycle_parking||no||||stands||45.4743137|9.2323619
2476489863|bicycle_parking||||||wall_loops||45.5705102|8.9272382
2476489889|bicycle_parking|||no|yes|no|wall_loops||45.5705979|8.9268980
2476489893|bicycle_parking|||no|yes|no|wall_loops||45.5706196|8.9268837
2491496144|bicycle_parking|Ciclostazione|yes|||yes|building||45.5022960|9.4184512
2491496147|bicycle_parking||yes||||stands||45.5023572|9.4182801
2496687746|bicycle_parking||no||||stands||45.4573153|9.1556729
2496687747|bicycle_parking||no||||stands||45.4573977|9.1557041
2510184831|bicycle_parking||||||anchors||45.5440597|9.4442672
2533453859|bicycle_parking||||||||45.4942328|9.2012927
2536163078|bicycle_parking||||||wall_loops||45.5572718|9.4347871
2558383152|bicycle_parking||no||||stands||45.4899727|9.2551069
2560062665|bicycle_parking||no||||stands||45.5398272|9.1982524
2560062675|bicycle_parking||no||||stands||45.5417053|9.1980783
2566568844|bicycle_parking||||||||45.4501965|9.0974260
2568509915|bicycle_parking||||||||45.5516942|9.0734098
2571336685|bicycle_parking||||||||45.5038012|9.3720186
2582907127|bicycle_parking||no||||stands||45.5438109|9.1978815
2592038304|bicycle_parking||||||stands||45.4660212|9.2026528
2592038305|bicycle_parking||no||||stands||45.4733060|9.2323131
2592038306|bicycle_parking||no||||stands||45.4733122|9.2324580
2592038307|bicycle_parking||no||||stands||45.4736649|9.2324474
2601220203|bicycle_parking||no||||stands||45.4913783|9.2367122
2601220204|bicycle_parking||no||||stands||45.4914253|9.2370958
2603514250|bicycle_parking||no||||stands||45.4883883|9.2089138
2606118487|bicycle_parking||no||||wall_loops||45.4747041|9.2056925
2608465171|bicycle_parking||no||||stands||45.4825016|9.2150335
2610914286|bicycle_parking||||||||45.5962674|8.9187154
2613616010|bicycle_parking||no||||wall_loops||45.4832755|9.1871102
2614494549|bicycle_parking||no||||wall_loops||45.4846773|9.2281236
2619392276|bicycle_parking||||||||45.4988709|9.1021385
2636525172|bicycle_parking||||||||45.4875236|9.2673857
2640761283|bicycle_parking||||||||45.4834667|9.3270044
2664226459|bicycle_parking||||||Verona_rack||45.4838133|9.1869691
2675681706|bicycle_parking||no||||wall_loops||45.4543677|9.1825746
2675682379|bicycle_parking||no||||wall_loops||45.4536549|9.1817619
2675689870|bicycle_parking||no||||wall_loops||45.4534441|9.1804991
2678729412|bicycle_parking||no||||wall_loops||45.4548448|9.1832278
2696858892|bicycle_parking||no||||stands||45.4794053|9.2280595
2696858893|bicycle_parking||no||||stands||45.4794137|9.2287508
2696858895|bicycle_parking||no||||wall_loops||45.4794640|9.2285535
2714551389|bicycle_parking||no||yes||stands||45.4710392|9.2273286
2717041001|bicycle_parking||||||stands||45.4697921|9.1670844
2717041002|bicycle_parking||||||wall_loops||45.4723457|9.1675637
2734245027|bicycle_parking||no||||wall_loops||45.4782839|9.2279892
2734245029|bicycle_parking||no||||stands||45.4800191|9.2266280
2734245033|bicycle_parking||no||||stands||45.4803491|9.2264820
2734245037|bicycle_parking||no||||stands||45.4805192|9.2264923
2734245039|bicycle_parking||no||||stands||45.4805192|9.2266223
2742497582|bicycle_parking||no||||stands||45.5216988|9.1981355
2743471344|bicycle_parking||no||customers||||45.5645646|8.9221176
2747182116|bicycle_parking||no||||Verona_rack||45.4676724|9.1752684
2747182129|bicycle_parking||no||||Verona_rack||45.4676517|9.1751314
2749842793|bicycle_parking||||||stands||45.5257400|9.2025568
2749842849|bicycle_parking||||||rack||45.5265291|9.2032063
2757187819|bicycle_parking||||||||45.4463367|9.0338206
2780549240|bicycle_parking||||||||45.5255625|9.2140330
2785535782|bicycle_parking||no||||Verona_rack||45.5018126|9.1593698
2785535783|bicycle_parking||no||||Verona_rack||45.5018614|9.1592719
2785535787|bicycle_parking||no||||Verona_rack||45.5018128|9.1592343
2785535793|bicycle_parking||no||||Verona_rack||45.5018762|9.1591326
2785535799|bicycle_parking||no||||Verona_rack||45.5017807|9.1594857
2785535805|bicycle_parking||||||wall_loops||45.5045261|9.1643946
2785535807|bicycle_parking||||||wall_loops||45.5047239|9.1643194
2785535811|bicycle_parking||||||wall_loops||45.5048785|9.1642492
2785535825|bicycle_parking||no||||stands||45.5055835|9.1663739
2785535827|bicycle_parking||no||||stands||45.5057645|9.1662712
2791491260|bicycle_parking||||||Verona_rack||45.4717033|9.1451203
2791491262|bicycle_parking||||||wall_loops||45.4733356|9.1577541
2794659272|bicycle_parking||yes||||stands||45.4765219|9.2240432
2794659300|bicycle_parking||yes||||stands||45.4764754|9.2241619
2806617636|bicycle_parking||||||wall_loops||45.5336956|9.1326341
2829045247|bicycle_parking||no||||wall_loops||45.5126527|9.2139065
2850147961|bicycle_parking||||||wall_loops||45.5159081|9.2138245
2876720394|bicycle_parking||||||||45.4737853|9.0670940
2883494673|bicycle_parking||||||stands||45.5303824|9.2313777
2883494674|bicycle_parking||||||stands||45.5304724|9.2320770
2883494675|bicycle_parking||no||||stands||45.5318519|9.2329441
2883494676|bicycle_parking||no||||wall_loops||45.5320792|9.2328603
2883494677|bicycle_parking||||||wall_loops||45.5333419|9.2336612
2883494678|bicycle_parking||||||wall_loops||45.5346503|9.2311896
2887526855|bicycle_parking||||||wall_loops||45.5233144|9.2277792
2887526856|bicycle_parking||||||wall_loops||45.5234052|9.2280515
2887526857|bicycle_parking||no||||wall_loops||45.5237648|9.2281704
2887526858|bicycle_parking||||||wall_loops||45.5237963|9.2279288
2887526859|bicycle_parking||no||||wall_loops||45.5238897|9.2281926
2887526860|bicycle_parking||||||wall_loops||45.5329951|9.2304829
2887526861|bicycle_parking||||||wall_loops||45.5338533|9.2308552
2887526862|bicycle_parking||no||||wall_loops||45.5340043|9.2315330
2887526863|bicycle_parking||no||||wall_loops||45.5340235|9.2315528
2887569569|bicycle_parking||no||||wall_loops||45.5132256|9.2143494
2890631726|bicycle_parking||no||||Verona_rack||45.4824773|9.1932363
2904755324|bicycle_parking||||||stands||45.4585268|9.1812911
2907518644|bicycle_parking||||||stands||45.4808181|9.1880992
2915633266|bicycle_parking||no||||Verona_rack||45.4831631|9.1910362
2915633267|bicycle_parking||no||||stands||45.4869560|9.1964938
2916108712|bicycle_parking||yes||yes|no|stands||45.4192649|9.2543024
2916197872|bicycle_parking||||||||45.4137812|9.2709947
2917530861|bicycle_parking||no||||stands||45.4839131|9.2341215
2918634639|bicycle_parking||||||||45.5587741|9.0238898
2920193102|bicycle_parking||||||||45.4368031|9.2108718
2920564956|bicycle_parking||||||||45.4725820|9.2002592
2932644667|bicycle_parking||||||||45.5203073|9.2437888
2932649467|bicycle_parking||||||||45.5235679|9.2461140
2932659695|bicycle_parking||||||||45.5221197|9.2432465
2932703654|bicycle_parking||||||||45.5238648|9.2487050
2932851840|bicycle_parking||||||||45.5337548|9.2535753
2932859029|bicycle_parking||||||||45.5335518|9.2531864
2933180901|bicycle_parking||||||||45.4923293|9.3000782
2933203091|bicycle_parking||||||||45.4870340|9.2995939
2933281114|bicycle_parking||||||||45.5186670|9.2941139
2934042376|bicycle_parking||no||||||45.4875721|8.9725841
2935285372|bicycle_parking||||||||45.4882868|9.0230290
2935925993|bicycle_parking||||||||45.4865100|9.0281625
2936670324|bicycle_parking||no||||||45.4912936|8.9556812
2936670330|bicycle_parking||no||||||45.4913895|8.9558612
2937798717|bicycle_parking||no||||Verona_rack||45.4776757|9.2246932
2940755555|bicycle_parking||||||||45.5103525|9.0892739
2952193680|bicycle_parking|Ciclo Parking Milano|yes||||building||45.4282163|9.1754008
2957566305|bicycle_parking||no||||ground_slots||45.5253286|9.3323347
2959771729|bicycle_parking||no||||ground_slots||45.5247827|9.3309258
2972889017|bicycle_parking||||||stands||45.5209762|9.1840042
2993721040|bicycle_parking||||||||45.5272874|9.2951870
3030536045|bicycle_parking||no||||stands||45.4685847|9.1823441
3030536046|bicycle_parking||no||||none||45.4685944|9.1824736
3049189498|bicycle_parking||||||||45.4845179|9.1846910
3062629285|bicycle_parking||no||||wall_loops||45.5201485|9.2755104
3094755915|bicycle_parking||||||wall_loops||45.3567122|9.3238093
3095525739|bicycle_parking||||||||45.4686641|9.1856151
3096939671|bicycle_parking||||||wall_loops||45.4757640|9.1749134
3100896008|bicycle_parking||||||stands||45.4864782|9.1671019
3147145158|bicycle_parking||||||||45.5336711|9.1724263
3163047166|bicycle_parking||||||||45.4521305|9.1794589
3197089554|bicycle_parking||||||||45.5695321|9.0272667
3197090768|bicycle_parking||||||||45.5696842|9.0271996
3197090769|bicycle_parking||||||||45.5697930|9.0272935
3200307753|bicycle_parking||||||||45.5766045|9.0259528
3218060967|bicycle_parking||||||stands||45.5580248|9.2054284
3224825176|bicycle_parking||no||||wall_loops||45.5144611|9.2833907
3225131169|bicycle_parking||||||||45.5156549|9.2852763
3234072552|bicycle_parking||no||||Verona_rack||45.4981103|9.2120402
3234072553|bicycle_parking||||||wall_loops||45.5036716|9.2316226
3234072554|bicycle_parking||||||Verona_rack||45.5037484|9.2311171
3234072555|bicycle_parking||||||Verona_rack||45.5038398|9.2315677
3259092119|bicycle_parking||||||wall_loops||45.5812422|9.1562315
3265381430|bicycle_parking||||||Verona_rack||45.4819659|9.1923064
3268056561|bicycle_parking||||||stands||45.4857503|9.1486192
3271031011|bicycle_parking||||||wall_loops||45.5553155|9.1590582
3275129108|bicycle_parking||||||stands||45.5333826|9.1844664
3275129112|bicycle_parking||||||stands||45.5334675|9.1846624
3312558977|bicycle_parking||||||rack||45.5657311|9.1656260
3312865193|bicycle_parking||||||rack||45.5678931|9.1605191
3312967781|bicycle_parking||||||rack||45.5666461|9.1593866
3314937848|bicycle_parking||||||||45.5222237|9.1676981
3324187943|bicycle_parking||no||||Verona_rack||45.4808749|9.1970262
3342868442|bicycle_parking||||||stands||45.4612677|9.2324651
3383765279|bicycle_parking||||||||45.5727907|9.4263290
3389249887|bicycle_parking||||||||45.5135580|9.4517510
3408866003|bicycle_parking||||||||45.4434840|9.2193933
3412596114|bicycle_parking||||||rack||45.5086052|9.4564935
3412596115|bicycle_parking||||||rack||45.5086313|9.4566488
3412878691|bicycle_parking||no||||stands||45.4754955|9.1556669
3412878692|bicycle_parking||no||||stands||45.4755176|9.1581194
3426661369|bicycle_parking||no||||Verona_Model||45.5120218|9.2243336
3429774441|bicycle_parking||no||||wide_stands||45.5277588|9.2438574
3431250627|bicycle_parking||no||||wall_loops||45.5289224|9.2166733
3431273661|bicycle_parking||||||stands||45.4730423|9.2034899
3437137083|bicycle_parking||no||||wall_loops||45.5277649|9.2440107
3442415529|bicycle_parking||||||wall_loops||45.5224247|9.2317087
3442415579|bicycle_parking||no||||wide_stands||45.5266117|9.2442897
3442415623|bicycle_parking||no||||wall_loops||45.5277613|9.2441261
3442415658|bicycle_parking||||||wall_loops||45.5281218|9.2479218
3442415659|bicycle_parking||||||wall_loops||45.5281315|9.2479389
3442415660|bicycle_parking||||||wall_loops||45.5281619|9.2499942
3442415661|bicycle_parking||||||wall_loops||45.5281641|9.2500592
3442415674|bicycle_parking||||||||45.5283102|9.2479739
3467804418|bicycle_parking||no||||wall_loops||45.4524998|9.1798657
3471166767|bicycle_parking||||||||45.4287462|9.0980794
3501809315|bicycle_parking||||||wall_loops||45.5302189|9.2529474
3523785351|bicycle_parking||no||private||wall_loops||45.5300000|9.2333764
3523785357|bicycle_parking||no||||wall_loops||45.5304365|9.2331149
3539480911|bicycle_parking||no|||no|stands||45.5308471|9.2321437
3540065819|bicycle_parking||no||||wall_loops||45.5308948|9.2302476
3542225814|bicycle_parking||no||||wall_loops||45.5220672|9.2150481
3550124382|bicycle_parking||||||||45.5289824|9.2478886
3561448631|bicycle_parking||||||||45.4488965|9.1592286
3587768253|bicycle_parking||||||||45.5429419|9.2754115
3587826975|bicycle_parking||||||||45.5374073|9.2750892
3598011491|bicycle_parking||||||stands||45.5011029|9.1409462
3618162956|bicycle_parking||||||||45.4825419|8.9149335
3619682164|bicycle_parking||||||||45.4877014|8.9188116
3625076171|bicycle_parking||||||||45.5295215|9.3360632
3625461585|bicycle_parking||||||Verona_rack||45.4564570|9.1926369
3625461586|bicycle_parking||no||||wall_loops||45.4572486|9.1931567
3629147971|bicycle_parking||no||||Verona_rack||45.4877040|9.1723822
3645153715|bicycle_parking||||||||45.4304473|9.2634031
3645190250|bicycle_parking||||||||45.4149283|9.2732429
3645211493|bicycle_parking||||||||45.4244537|9.2711230
3645211623|bicycle_parking||||||||45.4263584|9.2710772
3656691979|bicycle_parking||no||||wall_loops||45.4238727|9.2647950
3656982042|bicycle_parking||||||||45.4146823|9.2634276
3656982043|bicycle_parking||||||||45.4228814|9.2695377
3659172719|bicycle_parking||yes||||wall_loops||45.5283942|8.7389123
3659172720|bicycle_parking||yes||customers||Verona_rack||45.5284276|8.7390135
3689744345|bicycle_parking||||||||45.5398299|9.4813936
3689744346|bicycle_parking||||||||45.5400566|9.4806418
3707894014|bicycle_parking||||||||45.5141368|9.2443693
3721412686|bicycle_parking||||||||45.4364165|9.1721167
3730547981|bicycle_parking||||||||45.4763321|9.1290044
3730548006|bicycle_parking||||||||45.4757434|9.1282412
3730815254|bicycle_parking||||||||45.4657010|9.2172610
3761483913|bicycle_parking||||||||45.4177882|9.2591138
3789121171|bicycle_parking||||||||45.4721560|9.1828964
3789123663|bicycle_parking||||||||45.4711527|9.1828157
3789133637|bicycle_parking||||||||45.4709563|9.1829411
3789136050|bicycle_parking||no||||wall_loops||45.4713731|9.1812750
3789136767|bicycle_parking||||||||45.4710857|9.1816333
3790458472|bicycle_parking||||||||45.4062315|9.2686860
3824198225|bicycle_parking||||||||45.5225194|9.3228099
3877994119|bicycle_parking||no||||stands||45.4701051|9.1926541
3927966204|bicycle_parking||no||yes|no|wall_loops||45.4124404|9.2752133
3927966212|bicycle_parking||no||yes|no|stands||45.4122579|9.2748443
3927969612|bicycle_parking||||||||45.4138180|9.2741828
3927969613|bicycle_parking||||||||45.4133078|9.2737671
3930876353|bicycle_parking||||||stands||45.4442847|8.8988617
3933040433|bicycle_parking||no||||||45.4164207|9.2630891
3935597228|bicycle_parking||no||||wall_loops||45.5018271|9.1975064
3951768864|bicycle_parking||no||||stands||45.4111901|9.2777249
3991748432|bicycle_parking||||||||45.4557779|9.1924133
3991757272|bicycle_parking||||||||45.4563190|9.1951249
4003716981|bicycle_parking||||||||45.4035613|9.1416531
4033785677|bicycle_parking||yes|no|yes|no|stands||45.4286610|9.2575589
4033815536|bicycle_parking||no||||stands||45.4203065|9.2581569
4033817812|bicycle_parking||||||||45.4281792|9.2580576
4033838572|bicycle_parking||||||||45.4201126|9.2583044
4033838574|bicycle_parking||||||stands||45.4200331|9.2582171
4056048840|bicycle_parking|Cicloposteggio|yes|yes|customers|no|building|yes|45.5692687|8.9268480
4056183545|bicycle_parking||||||Verona_rack||45.4848893|9.1818467
4060203965|bicycle_parking||no||||wall_loops||45.4719539|9.1826998
4068307462|bicycle_parking||no||||wall_loops||45.5268291|9.2443779
4070569428|bicycle_parking||no||||stands||45.4766951|9.1594754
4070569429|bicycle_parking||no||||stands||45.4768668|9.1580828
4070569430|bicycle_parking||||||stands||45.4771494|9.1527603
4088942527|bicycle_parking||no||||Verona_rack||45.5268546|9.2117735
4095040961|bicycle_parking||||||Verona_rack||45.4849807|9.1812957
4095040963|bicycle_parking||||||Verona_rack||45.4851940|9.1814501
4109287869|bicycle_parking||||||Verona_rack||45.4854769|9.1810509
4109866303|bicycle_parking||||||stands||45.4778502|9.1582980
4109866304|bicycle_parking||||||stands||45.4779683|9.1581238
4117280512|bicycle_parking||||||Verona_rack||45.4705689|9.1549501
4142394876|bicycle_parking||||||||45.5118504|9.1953201
4168033303|bicycle_parking||||||Verona_rack||45.4457181|9.2131994
4168033304|bicycle_parking||||||Verona_rack||45.4920865|9.1927657
4168033305|bicycle_parking||no||||Verona_rack||45.4921848|9.1924053
4196809154|bicycle_parking||no||||Verona_rack||45.4651880|9.1701812
4196809155|bicycle_parking||no||||Verona_rack||45.4665847|9.1699613
4196809156|bicycle_parking||no||||Verona_rack||45.4679261|9.1550622
4198482900|bicycle_parking||||||Verona_rack||45.4833145|9.1682166
4198482902|bicycle_parking||no||||Verona_rack||45.4844561|9.1670095
4213997434|bicycle_parking||||||wall_loops||45.3574989|9.3251578
4213997435|bicycle_parking||||||wall_loops||45.3575047|9.3250877
4215636086|bicycle_parking||no||||wall_loops||45.4719931|9.1377820
4215636088|bicycle_parking||no||||wall_loops||45.4724187|9.1372715
4225161645|bicycle_parking||||||||45.5601384|9.0649670
4228073139|bicycle_parking||no||||Verona_rack||45.4666575|9.1554583
4230325851|bicycle_parking||||||||45.5010982|9.2926926
4237146422|bicycle_parking||||||||45.5339660|9.2308661
4237184577|bicycle_parking||no||customers||rack||45.4526006|9.1637912
4243975632|bicycle_parking||no||customers||rack||45.4516119|9.1614890
4259826280|bicycle_parking||||||Verona_rack||45.4659760|9.1548231
4281698378|bicycle_parking||no||||wall_loops||45.4598336|9.1838964
4290657747|bicycle_parking||||||||45.4914198|9.3692760
4301945658|bicycle_parking||no||||Verona_rack||45.4590613|9.1529750
4304781929|bicycle_parking||no||||Verona_rack||45.4840882|9.1895087
4305612181|bicycle_parking||no||||wall_loops||45.4887275|9.1960277
4305613251|bicycle_parking||||||||45.4897184|9.1967921
4305922303|bicycle_parking||||||stands||45.4017615|9.1460041
4305922304|bicycle_parking||||||stands||45.4025576|9.1432561
4311242857|bicycle_parking||no||||wall_loops||45.4596236|9.1840986
4312166514|bicycle_parking||no||||Verona_rack||45.4677707|9.1824083
4312166515|bicycle_parking||no||||Verona_rack||45.4678290|9.1825485
4312166516|bicycle_parking||no||||Verona_rack||45.4679711|9.1827894
4312166517|bicycle_parking||no||||Verona_rack||45.4679860|9.1828337
4337503967|bicycle_parking||yes||||wall_loops||45.4913734|8.9476584
4355252814|bicycle_parking||||||||45.4776667|9.1421989
4369235568|bicycle_parking||||||||45.4860469|8.9934189
4369513868|bicycle_parking||||||||45.4762268|8.9921488
4382005983|bicycle_parking||||||||45.5816807|8.8993852
4382687678|bicycle_parking||||||||45.6006361|8.9278426
4382687690|bicycle_parking||||||||45.6096966|8.9175282
4405369910|bicycle_parking||||||||45.5942102|8.9105405
4437674125|bicycle_parking||||||||45.4191348|9.2554691
4437674127|bicycle_parking||||||||45.4248021|9.2597718
4437674150|bicycle_parking||||||||45.4249701|9.2595510
4437688677|bicycle_parking||||||||45.4250084|9.2587182
4470159449|bicycle_parking||||||||45.4876952|9.3219701
4486027444|bicycle_parking||yes||yes|no|rack||45.5468741|9.1867242
4496390144|bicycle_parking||no||||wall_loops||45.4799691|9.2000104
4499950390|bicycle_parking|Cascina Merlata|||||||45.5068038|9.1035930
4500336723|bicycle_parking||no||||stands||45.4775445|9.2289537
4517033104|bicycle_parking||||||||45.5347643|9.4496855
4527543244|bicycle_parking||no||yes|no|anchors||45.4870129|9.1336685
4527543245|bicycle_parking||no||yes|no|anchors||45.4864286|9.1365140
4527543246|bicycle_parking||no||yes|no|anchors||45.4862598|9.1374846
4527543247|bicycle_parking||no||yes|no|anchors||45.4862711|9.1374290
4529284717|bicycle_parking||||||||45.4928967|9.2009864
4540393596|bicycle_parking||||||||45.5011902|9.3047010
4550642268|bicycle_parking||no||||wall_loops||45.5008474|9.1513850
4560154158|bicycle_parking||||||||45.4218824|9.2562748
4571431645|bicycle_parking||||||||45.4163683|9.2655713
4573196096|bicycle_parking||||||||45.4169331|9.2653253
4573196332|bicycle_parking||||||||45.4166925|9.2818518
4573197080|bicycle_parking||||||||45.4160937|9.2767985
4573197167|bicycle_parking||||||||45.4148039|9.2800522
4590670110|bicycle_parking||no||||wall_loops||45.4892816|9.1930999
4590670117|bicycle_parking||yes||private||shed||45.4904288|9.1937443
4592688955|bicycle_parking||no||||stands||45.4665230|9.1544021
4603813427|bicycle_parking||||||||45.4809055|9.1931116
4615890680|bicycle_parking||no||||wall_loops||45.3522960|9.0159652
4637181238|bicycle_parking||||||||45.5475501|9.2409949
4682289083|bicycle_parking|||||no|||45.4674946|8.8884132
4690876500|bicycle_parking||no||||stands||45.4817518|9.1619857
4690876598|bicycle_parking||no||||stands||45.4813597|9.1615485
4693279612|bicycle_parking||no||customers||wall_loops||45.4641047|8.8823388
4693984997|bicycle_parking||no||yes|no|wall_loops||45.4682955|8.8815911
4729091382|bicycle_parking||||yes|no|wall_loops||45.5286819|9.1632537
4742642635|bicycle_parking||no||||wall_loops||45.4577108|9.1651537
4747140146|bicycle_parking||||||wall_loops||45.5196409|9.3306506
4749885325|bicycle_parking||||||||45.3120126|8.9687453
4753662259|bicycle_parking||no|||no|wall_loops||45.3997010|8.9377488
4753662260|bicycle_parking||no|||no|wall_loops||45.3996956|8.9375345
4758723024|bicycle_parking||||||||45.4197199|9.2764520
4789777415|bicycle_parking||yes||||||45.5100261|9.0023729
4799846719|bicycle_parking||no||||wall_loops||45.4895025|9.1265614
4824577105|bicycle_parking||||||||45.4743103|9.1889704
4824577199|bicycle_parking||||||||45.4742868|9.1886667
4838318275|bicycle_parking||no|||no|Verona_rack||45.4993434|9.2406701
4847370660|bicycle_parking||yes||||||45.4815331|8.9179794
4852728466|bicycle_parking||||||Verona_rack||45.5094616|9.2668310
4852728467|bicycle_parking||||||Verona_rack||45.5069428|9.2677349
4852728468|bicycle_parking||||||Verona_rack||45.5069967|9.2679076
4853288288|bicycle_parking||||||Verona_rack||45.4788034|9.1422149
4853288289|bicycle_parking||||||Verona_rack||45.4768625|9.1378060
4853288290|bicycle_parking||||||Verona_rack||45.4763452|9.1381842
4853288291|bicycle_parking||||||Verona_rack||45.4761760|9.1379240
4853288292|bicycle_parking||||||Verona_rack||45.4762388|9.1373829
4853351726|bicycle_parking||||||Verona_rack||45.4794099|9.1436478
4853351727|bicycle_parking||||||Verona_rack||45.4796327|9.1435151
4853351729|bicycle_parking||no||||Verona_rack||45.4797578|9.1444552
4853351730|bicycle_parking||no||||Verona_rack||45.4796422|9.1444458
4853351733|bicycle_parking||||||Verona_rack||45.4790700|9.1436559
4853389505|bicycle_parking||no||||stands||45.5112755|9.2600396
4853389506|bicycle_parking||no||||stands||45.5114164|9.2609891
4855705896|bicycle_parking||no||||wall_loops||45.4522944|9.1651002
4864389519|bicycle_parking||no||||stands||45.4824236|9.1628042
4864389520|bicycle_parking||||||||45.4821265|9.1627371
4866076258|bicycle_parking||||||||45.4473729|9.2094444
4866076259|bicycle_parking||||||||45.4472647|9.2094183
4875403541|bicycle_parking||||||||45.4774535|9.2119161
4916954857|bicycle_parking||||||||45.5496660|9.1793180
4918208310|bicycle_parking||no||||wall_loops||45.4667177|8.8860287
4918208311|bicycle_parking||no||||wall_loops||45.4667182|8.8860953
4920131951|bicycle_parking||||||ground_slots||45.4239835|8.9123587
4921331367|bicycle_parking||no||||wall_loops||45.4356233|9.2401036
4921331370|bicycle_parking||||||||45.4326735|9.2398728
4921331373|bicycle_parking||no||yes||wall_loops||45.4346697|9.2409398
4924521528|bicycle_parking||||||||45.5258142|9.2517905
4924521529|bicycle_parking||||||||45.5258030|9.2518401
4924991078|bicycle_parking||||||wall_loops||45.4346340|8.8297336
4954552669|bicycle_parking||||yes||wall_loops||45.4380162|8.8891228
4954552670|bicycle_parking||||yes||wall_loops||45.4380309|8.8891036
4954552671|bicycle_parking||||yes||wall_loops||45.4380251|8.8891097
5033959533|bicycle_parking||no||||stands||45.4617542|9.1817164
5033959679|bicycle_parking||||||||45.4649946|9.1798577
5068861083|bicycle_parking||||permissive||wall_loops||45.5214235|9.1960882
5068861084|bicycle_parking||no||permissive||wall_loops||45.5216504|9.1960185
5101274669|bicycle_parking||no||||stands||45.4806039|9.2454962
5101298059|bicycle_parking||no||||wall_loops||45.4798552|9.2459365
5101313209|bicycle_parking||no||||wall_loops||45.4775885|9.2470590
5101313210|bicycle_parking||no||||wall_loops||45.4775249|9.2469768
5105393969|bicycle_parking||no||||wall_loops||45.5115500|9.2189295
5122361095|bicycle_parking||no||customers|no|ground_slots||45.4650451|8.8842698
5123898528|bicycle_parking||||||||45.5264712|9.0416581
5152425447|bicycle_parking||||||||45.5806859|9.1567962
5153967502|bicycle_parking||no||||wall_loops||45.4575587|8.9051055
5154859212|bicycle_parking||||||||45.5690869|8.9230227
5173579983|bicycle_parking||no||||handlebar_holder||45.4840681|9.2143338
5173579985|bicycle_parking||no||||stands||45.4844198|9.2146912
5185329991|bicycle_parking||no||yes|no|wall_loops||45.4364403|8.8840895
5193393436|bicycle_parking||no||yes|no|bollard||45.4659495|8.8840410
5206661234|bicycle_parking||no||||wall_loops||45.4650403|9.1424593
5206675941|bicycle_parking||no||||wall_loops||45.4647375|9.1422837
5219765921|bicycle_parking||||||||45.5314110|9.4155513
5230223398|bicycle_parking||no||yes||rack||45.4526772|9.1596849
5236282705|bicycle_parking||||||||45.5573577|8.9467254
5242687485|bicycle_parking||no||yes||||45.4498458|9.1510275
5242687486|bicycle_parking||||yes||||45.4496448|9.1512486
5246846435|bicycle_parking||||||||45.5253181|8.9961988
5251640059|bicycle_parking||no||||stands||45.4775320|9.2344393
5251640060|bicycle_parking||no||||stands||45.4771286|9.2344413
5251640061|bicycle_parking||no||||stands||45.4774112|9.2344413
5251640065|bicycle_parking||no||||stands||45.4773265|9.2352775
5251640066|bicycle_parking||no||||stands||45.4775541|9.2348986
5262336168|bicycle_parking||||||||45.5415668|9.0172697
5273564088|bicycle_parking||no||||wall_loops||45.5213709|9.3618295
5273918772|bicycle_parking||||||||45.4951196|9.3742854
5278426944|bicycle_parking||no||customers||stands||45.4791141|9.2336104
5278455170|bicycle_parking||no||||v||45.4727264|9.2335551
5287291781|bicycle_parking||no||||wall_loops||45.4663810|9.1848171
5300437391|bicycle_parking||||||||45.4630410|9.1703734
5302000901|bicycle_parking||||||||45.4956204|9.2069191
5306249440|bicycle_parking||||||||45.4906289|9.2006884
5308634734|bicycle_parking||||||||45.4950554|9.1143828
5309991782|bicycle_parking||||||||45.4937350|9.1341957
5350658280|bicycle_parking||||||||45.4657323|9.1908028
5368107230|bicycle_parking||no||yes||stands||45.5012162|9.1486593
5385706562|bicycle_parking||no||||stands||45.5104052|9.0870962
5395692178|bicycle_parking||no||||stands||45.4525632|9.1648016
5405812142|bicycle_parking||no||private||rack||45.5357177|9.0214276
5433518463|bicycle_parking||||||||45.4948067|9.3743715
5468803280|bicycle_parking||no||||wall_loops||45.4827144|9.1922718
5480532981|bicycle_parking||||||wall_loops||45.5205481|8.7468862
5480532982|bicycle_parking||||||wall_loops||45.5211751|8.7456697
5486065964|bicycle_parking||no||||||45.4684379|9.1885628
5492298558|bicycle_parking||||||||45.4283626|9.3004406
5500469108|bicycle_parking||||||||45.5285436|9.2791450
5502943405|bicycle_parking||yes||||||45.4976862|9.2869342
5534113178|bicycle_parking||no||||Verona_rack||45.4764205|9.1639173
5535680640|bicycle_parking||||||||45.4619085|9.2003578
5541198403|bicycle_parking||no||||||45.4842363|9.2019049
5555849986|bicycle_parking||||||rack||45.4531743|9.0832699
5573618480|bicycle_parking||||||||45.4932268|9.2309838
5600184203|bicycle_parking||no||||wall_loops||45.4162313|9.2366707
5621581654|bicycle_parking||||||||45.5241093|9.2742318
5641221364|bicycle_parking||||||||45.5333818|9.4155942
5641502303|bicycle_parking||yes||yes|no|stands||45.4861450|9.3275783
5656215804|bicycle_parking||||||||45.5337091|9.2219548
5656215807|bicycle_parking||||||||45.5337116|9.2218937
5656272611|bicycle_parking||||||||45.5339326|9.4170613
5661388280|bicycle_parking||no||yes||stands||45.5671730|9.4580104
5665900183|bicycle_parking||||||||45.4526695|9.2884597
5666995870|bicycle_parking||no||||wall_loops||45.4789074|9.2338682
5676336829|bicycle_parking||||||||45.4966286|9.3760782
5679644353|bicycle_parking||no||yes||wall_loops||45.5300667|9.1423317
5680063105|bicycle_parking||||||||45.4938544|9.3790378
5680318622|bicycle_parking||||||||45.4967179|9.3756569
5684228402|bicycle_parking||no||||wall_loops||45.4759870|9.2353499
5688491945|bicycle_parking||||||||45.5035309|9.3692022
5691535607|bicycle_parking||no||||wall_loops||45.4838257|9.2033353
5694880641|bicycle_parking||||yes|no|wall_loops||45.4681948|8.8812544
5701715562|bicycle_parking||yes||yes|no|stands||45.4860180|9.3282384
5702552479|bicycle_parking||no||yes||wall_loops||45.5321010|9.1407959
5719684061|bicycle_parking||||||||45.4054734|9.2671674
5719684062|bicycle_parking||||||||45.4055894|9.2670150
5731932246|bicycle_parking||no||||wall_loops||45.5570704|8.9461943
5742129822|bicycle_parking||||||||45.4225221|9.2704028
5742239198|bicycle_parking||no||||||45.4165327|9.2629548
5750246472|bicycle_parking||||||||45.4126251|9.2674689
5750252550|bicycle_parking||||||||45.4130005|9.2670783
5750256991|bicycle_parking||no||yes|no|wall_loops||45.4067348|9.2652946
5750260288|bicycle_parking||||||||45.4051257|9.2670366
5750284232|bicycle_parking||||||||45.4025429|9.2718982
5750284243|bicycle_parking||||||||45.4020721|9.2711499
5750902925|bicycle_parking||||||||45.4193590|9.2619167
5750928041|bicycle_parking||||||||45.4187228|9.2625241
5750976704|bicycle_parking||yes||||||45.4201827|9.2618263
5753187351|bicycle_parking||||||wall_loops||45.5343217|9.1353535
5753901477|bicycle_parking||no||yes||wall_loops||45.5333902|9.1328794
5769065681|bicycle_parking||yes||yes||wall_loops||45.5324746|9.1350190
5771740467|bicycle_parking||no||yes||wall_loops||45.4770165|9.2302237
5773288847|bicycle_parking||no||yes||Verona_rack||45.4665863|9.1930518
5773288848|bicycle_parking||no||yes||Verona_rack||45.4665105|9.1931148
5773288849|bicycle_parking||no||yes||stands||45.4655752|9.1936526
5774156868|bicycle_parking||no||||wall_loops||45.5337477|9.1362521
5784642855|bicycle_parking||no||||wall_loops||45.4792101|9.2185894
5785107060|bicycle_parking||||||||45.4239050|9.2708635
5786878353|bicycle_parking||no||||wall_loops||45.4627833|9.1922429
5793367307|bicycle_parking||no||||stands||45.4793628|9.2011473
5793369264|bicycle_parking||no||||stands||45.4802941|9.1991095
5807374281|bicycle_parking||||yes||anchors||45.4765732|9.2237652
5807908050|bicycle_parking||yes||private||||45.4428040|9.1216725
5820680369|bicycle_parking||yes||||||45.5265401|9.5155361
5824304882|bicycle_parking||||||||45.4720904|9.2023450
5828722698|bicycle_parking||yes||yes||wall_loops||45.4905867|8.9478253
5828722703|bicycle_parking||||customers||ground_slots||45.4905997|8.9483932
5828862247|bicycle_parking||||||||45.5601118|9.1603655
5854909646|bicycle_parking||||yes|no|wall_loops||45.5474075|9.1664044
5858963621|bicycle_parking||||||||45.4180829|9.2689741
5858965676|bicycle_parking||||||||45.4215889|9.2658446
5858974606|bicycle_parking||||||||45.4157896|9.2721074
5858977662|bicycle_parking||||||||45.4158927|9.2765660
5858977916|bicycle_parking||||||||45.4160435|9.2768222
5858998742|bicycle_parking||||||||45.4050429|9.2765566
5859043897|bicycle_parking||||||||45.4227478|9.2661893
5859060030|bicycle_parking||no||||stands||45.4233622|9.2651688
5859090488|bicycle_parking||||||||45.4357710|9.2405653
5859143416|bicycle_parking||no||||wall_loops||45.4353680|9.2394585
5875582278|bicycle_parking||||||||45.4124277|9.2292690
5875592838|bicycle_parking||||||||45.4032778|9.2297599
5875594966|bicycle_parking||||||||45.4021052|9.2308112
5894423607|bicycle_parking||||||||45.3747090|9.2091470
5894430257|bicycle_parking||||||||45.3751595|9.2143577
5894430703|bicycle_parking||||||||45.3751438|9.2148861
5894435414|bicycle_parking||||||||45.3771283|9.2195288
5904745532|bicycle_parking||no||||wall_loops||45.5016962|9.2375138
5904747591|bicycle_parking||no||||wall_loops||45.5016605|9.2374654
5911323415|bicycle_parking||no||customers||wall_loops||45.5658753|8.9033731
5912626301|bicycle_parking||||yes|no|||45.4764887|9.2335900
5912626598|bicycle_parking||no||||wall_loops||45.4761017|9.2332423
5920488511|bicycle_parking||no|||no||none|45.5337568|9.0283324
5924053927|bicycle_parking||||||||45.4998703|9.3268725
5926856155|bicycle_parking||no||yes||Verona_rack||45.4668491|9.1934343
5930091644|bicycle_parking||||||||45.4148597|9.2646375
5930129377|bicycle_parking||no||private||||45.4140670|9.2648038
5930129793|bicycle_parking||||||||45.4139983|9.2652598
5931011012|bicycle_parking||||||||45.5797794|8.9785644
5932690107|bicycle_parking||||||||45.4371435|9.2176254
5936879700|bicycle_parking||||yes|no|rack||45.4777836|9.2234375
5940443069|bicycle_parking||||||||45.5279658|9.2846234
5940443070|bicycle_parking||||||||45.5279695|9.2845148
5940600188|bicycle_parking||no||||wall_loops||45.4630129|9.1912922
5940633715|bicycle_parking||no||||stands||45.4695805|9.1802958
5964128747|bicycle_parking||||||||45.4402771|9.2087737
5964169343|bicycle_parking||no||||wall_loops||45.4514613|9.2030767
5964169806|bicycle_parking||no||||wall_loops||45.4514409|9.2031625
5977979737|bicycle_parking||no||yes|no|stands|no|45.5341117|9.0287237
5980813513|bicycle_parking||||||||45.5295468|9.0396837
5980813514|bicycle_parking||||||||45.5294518|9.0395794
5980816506|bicycle_parking||||||||45.5287531|9.0400931
6009908436|bicycle_parking||no||||wall_loops||45.4866728|9.1947667
6036411571|bicycle_parking||no||||wall_loops||45.4846935|9.2356751
6036411572|bicycle_parking||no||||wall_loops||45.4843807|9.2358698
6041408936|bicycle_parking||||||ground_slots||45.5117474|8.8851656
6044441177|bicycle_parking||||||||45.5316716|9.0371464
6064139947|bicycle_parking||||||wall_loops||45.4999256|9.3325803
6068038144|bicycle_parking||yes||||||45.5527093|8.9454433
6108819915|bicycle_parking||||||||45.5128667|8.8610109
6109930438|bicycle_parking||no||||stands||45.5007421|9.2117518
6128654363|bicycle_parking||yes|||yes|wall_loops||45.5254011|9.3755901
6132389850|bicycle_parking||||||Verona_rack||45.4651704|9.1939606
6153748574|bicycle_parking||||||||45.4595965|9.1971706
6162146972|bicycle_parking||||||||45.4301907|9.2636207
6187563693|bicycle_parking||||||||45.4858546|9.1749479
6281113696|bicycle_parking||no||||stands||45.4665044|9.1902454
6294482269|bicycle_parking|parcheggiobici|no||yes|no|stands||45.4944834|9.3028074
6306373214|bicycle_parking||no||||Verona_rack||45.4848662|9.1620988
6324351008|bicycle_parking||||||||45.4141776|9.2640000
6334894450|bicycle_parking||||||||45.4608168|9.1376606
6336191667|bicycle_parking||no|||no|||45.4101850|9.2705606
6343338351|bicycle_parking||||||||45.4228038|9.2678397
6359284725|bicycle_parking||yes||||||45.5199883|9.0790358
6361292580|bicycle_parking||||||||45.4023541|9.2698652
6361293221|bicycle_parking||||||||45.4021479|9.2695272
6361353677|bicycle_parking||yes||customers||wall_loops||45.5337233|9.1732940
6363064555|bicycle_parking||||||||45.4883428|9.0563127
6367307195|bicycle_parking||yes||yes|no|wall_loops||45.5537903|9.4357544
6401864334|bicycle_parking||||||||45.4182802|9.2593351
6401865987|bicycle_parking||||||||45.4184686|9.2591400
6401867489|bicycle_parking||||||||45.4187310|9.2588787
6401869127|bicycle_parking||||||||45.4189695|9.2586331
6402142009|bicycle_parking||no||yes|no||no|45.5343470|9.0297380
6416426277|bicycle_parking||no||||wall_loops||45.4566154|9.1616140
6422043506|bicycle_parking||no||||||45.4777956|9.1526338
6427706925|bicycle_parking||no||yes|no|wall_loops||45.5676784|9.4628183
6432408846|bicycle_parking||yes||yes||ground_slots||45.4703352|8.8919725
6432408847|bicycle_parking||yes||yes||ground_slots||45.4701591|8.8920062
6433838343|bicycle_parking||no||yes|no|wall_loops||45.5495829|9.4342513
6434100190|bicycle_parking||no||yes|no|wall_loops||45.5490425|9.4294444
6434100191|bicycle_parking||no||yes|no|wall_loops||45.5489411|9.4294946
6440459108|bicycle_parking||||||||45.4656850|9.2642094
6442405958|bicycle_parking||no||yes|no|wall_loops||45.5540207|9.4370229
6466471768|bicycle_parking||||private||||45.4897470|9.1896675
6466471769|bicycle_parking||||private||||45.4897374|9.1896058
6469534762|bicycle_parking||no||yes|no|wall_loops||45.5478921|9.4362842
6478638966|bicycle_parking||yes||yes|no|wall_loops||45.5498835|9.4334197
6478638967|bicycle_parking||yes||yes|no|wall_loops||45.5499747|9.4333657
6478638968|bicycle_parking||yes||yes|no|wall_loops||45.5499704|9.4335092
6478638969|bicycle_parking||yes||yes|no|wall_loops||45.5499439|9.4335250
6489219966|bicycle_parking||no||||||45.3739485|9.1668389
6489219977|bicycle_parking||||||||45.3723846|9.1690436
6502320800|bicycle_parking||no|||no|stands||45.4776166|9.1566995
6502320801|bicycle_parking||no|||no|stands||45.4778611|9.1560608
6502320802|bicycle_parking||no|||no|stands||45.4779683|9.1559619
6536590366|bicycle_parking||no||yes||||45.4568490|9.1621031
6537911338|bicycle_parking||||||||45.4482627|9.1417693
6543273041|bicycle_parking||||||||45.3624349|9.1565367
6543303018|bicycle_parking||||||||45.3612872|9.1630786
6544030281|bicycle_parking||||||wall_loops||45.4766100|9.1829020
6568350964|bicycle_parking||||||||45.5237453|9.1618332
6584881265|bicycle_parking||||||||45.3698760|9.1718748
6594423465|bicycle_parking||||||||45.3961321|9.2644680
6633259588|bicycle_parking||no||yes|no|wall_loops||45.5411902|9.4463058
6647339889|bicycle_parking||||||wall_loops||45.5572692|9.4346818
6657830873|bicycle_parking||no||yes|no|wall_loops||45.5828048|9.4875998
6657830874|bicycle_parking||no||yes|no|wall_loops||45.5827838|9.4876440
6657830875|bicycle_parking||no||yes|no|wall_loops||45.5827634|9.4876879
6657893203|bicycle_parking||no||yes|no|wall_loops||45.5827991|9.4870114
6689865318|bicycle_parking||yes||yes|no|rack||45.4764012|9.2305611
6690999513|bicycle_parking||no|||no|||45.4989704|9.4262636
6700670799|bicycle_parking||||||wall_loops||45.5500162|9.4332189
6712192913|bicycle_parking||no||yes|no|wall_loops||45.5542917|9.4353940
6712192964|bicycle_parking||||||wall_loops||45.5548097|9.4271615
6715994401|bicycle_parking||||||wall_loops||45.4604091|8.8556450
6797420580|bicycle_parking||yes||customers|no|||45.4951415|9.3732080
6797440162|bicycle_parking||no|||no|||45.4952571|9.3747905
6797440163|bicycle_parking||no|||no|||45.4951274|9.3747328
6819471052|bicycle_parking||||||||45.4591193|9.2155136
6819471053|bicycle_parking||||||||45.4590925|9.2154777
6819471054|bicycle_parking||||||||45.4590824|9.2154549
6819471064|bicycle_parking||||||||45.4591038|9.2154958
6840220298|bicycle_parking||no||customers|no|wall_loops||45.5436746|9.4407456
6871445685|bicycle_parking||||||||45.5030046|9.1089441
6871445686|bicycle_parking||||||||45.5015392|9.1083004
6926262642|bicycle_parking||||||||45.5154001|9.1939151
6931273487|bicycle_parking||||||||45.4338388|9.1083284
6931273488|bicycle_parking||||||||45.4339358|9.1084376
6948666767|bicycle_parking||||||stands||45.4013104|9.2896868
6957330460|bicycle_parking||||||||45.5641285|8.9203227
6977499215|bicycle_parking||||||||45.4297283|9.1775213
7037154521|bicycle_parking||no||yes|no|wall_loops||45.4766676|9.2306319
7037154565|bicycle_parking||no||yes|no|wall_loops||45.4760796|9.2306158
7037174925|bicycle_parking||yes||yes|no|rack||45.4765512|9.2319336
7037174928|bicycle_parking||yes||yes|no|rack||45.4764657|9.2319316
7058436028|bicycle_parking||||||wall_loops||45.4605957|8.9117080
7132899164|bicycle_parking||no||yes|no|wall_loops||45.5327844|8.7417815
7198735662|bicycle_parking||||||||45.4244144|9.2617840
7198735668|bicycle_parking||||||||45.4245010|9.2616982
7347532549|bicycle_parking||||yes||rack||45.4569325|9.1614573
7347532550|bicycle_parking||no||||wall_loops||45.4560624|9.1596372
7347616658|bicycle_parking||||||||45.4551480|9.1567210
7600424810|bicycle_parking||yes||yes||wall_loops||45.5323927|9.1404070
7623203576|bicycle_parking||no|||no|rack||45.5336492|9.1329217
7658484115|bicycle_parking||no||||rack||45.4848269|9.1668912
7658781206|bicycle_parking||no||||stands||45.4795256|9.2331652
7668048039|bicycle_parking||no||yes|no|bollard||45.5316335|9.1373067
7668048040|bicycle_parking||||yes||bollard||45.5322635|9.1372890
7723872935|bicycle_parking||||yes|no|stands||45.5496769|9.1774222
7746228565|bicycle_parking||||||||45.4816055|9.1504647
7746228566|bicycle_parking||||||||45.4814118|9.1507316
7746228567|bicycle_parking||no||||stands||45.4813949|9.1501093
7845501903|bicycle_parking||||||||45.5324002|9.4089261
7845551376|bicycle_parking||||||||45.5333257|9.4084062
7883539475|bicycle_parking||||||bollard||45.5316844|9.1404586
7883579476|bicycle_parking||||||wall_loops||45.5311261|9.1414469
7887194415|bicycle_parking||no||||stands||45.4760750|9.2342526
7889311151|bicycle_parking||||||||45.5156719|9.0051617
7889529217|bicycle_parking||||||||45.5159382|9.0048580
7890856182|bicycle_parking||no||||wall_loops||45.4998367|9.2404336
7890876285|bicycle_parking||no||||wall_loops||45.5001519|9.2401377
7900710685|bicycle_parking||||||||45.5314973|9.1373755
7902416051|bicycle_parking||no|no|yes|no|stands||45.4804177|9.1628986
7902416060|bicycle_parking||no|no|yes|no|stands||45.4809077|9.1682125
7904677913|bicycle_parking||no|no|yes|no|wall_loops||45.5331799|9.1319668
7904829424|bicycle_parking||||||||45.5327076|9.1335671
7934055637|bicycle_parking||||||wall_loops||45.5331372|9.1374319
7935444439|bicycle_parking||||||wall_loops||45.5372010|9.1311152
7937137951|bicycle_parking||no|||no|wall_loops||45.4927437|9.3715954
7937137952|bicycle_parking||no|||no|wall_loops||45.4927630|9.3715927
7939359415|bicycle_parking||no||yes|no|rack||45.4809334|9.2254527
7939359416|bicycle_parking||no||yes|no|stands||45.4809825|9.2250856
7947982622|bicycle_parking||yes||||wall_loops||45.5362405|9.1381741
7952362836|bicycle_parking||no||||stands||45.4924212|9.1858209
7952362837|bicycle_parking||no||||stands||45.4924015|9.1857585
7952362842|bicycle_parking||no||||stands||45.4930497|9.1855896
7952362844|bicycle_parking||no||||stands||45.4930036|9.1853736
7956516856|bicycle_parking||yes||||wall_loops||45.5289448|9.1425669
7968125377|bicycle_parking||yes||||wall_loops||45.4826881|9.1591216
7968125378|bicycle_parking||no||||wall_loops||45.4827524|9.1589439
7970534322|bicycle_parking||||||wall_loops||45.5337412|9.1325901
7975135305|bicycle_parking||no||||stands||45.4858012|9.2377679
7975135306|bicycle_parking||yes||||stands||45.4854390|9.2379034
8010543339|bicycle_parking||yes||||stands||45.4850742|9.2365348
8010543340|bicycle_parking||yes||||stands||45.4849976|9.2364851
8010567789|bicycle_parking||no||||stands||45.4846647|9.2368660
8013306395|bicycle_parking||no||||stands||45.4866481|9.2165208
8013306396|bicycle_parking||no||||stands||45.4867896|9.2166717
8013306397|bicycle_parking||no||||stands||45.4866933|9.2165650
8013306539|bicycle_parking||||||stands||45.4867045|9.2172557
8021107184|bicycle_parking||no||||stands||45.4950864|9.2172014
8021113285|bicycle_parking||no||||stands||45.4952213|9.2172014
8021113286|bicycle_parking||no||||stands||45.4950819|9.2169510
8041020314|bicycle_parking||||||||45.4417840|9.2413015
8041079612|bicycle_parking||||||||45.4427298|9.2398596
8041097036|bicycle_parking||||||||45.4408182|9.2420938
8050941239|bicycle_parking||no||||wave||45.4781983|9.1597256
8063830490|bicycle_parking||||||||45.4646607|9.1531985
8088675190|bicycle_parking||||||ground_slots||45.4530263|9.1088951
8088675191|bicycle_parking||||||ground_slots||45.4528617|9.1084962
8088675352|bicycle_parking||||||ground_slots||45.4521702|9.1091935
8118568190|bicycle_parking||||||wall_loops||45.5461263|9.1420045
8142633368|bicycle_parking||no||||stands||45.4775733|9.1534159
8168882831|bicycle_parking||||||||45.4335122|9.1578925
8184010739|bicycle_parking||no||||wall_loops||45.4826399|9.1587584
8197556095|bicycle_parking||no||||wall_loops||45.4397840|9.2416153
8224105033|bicycle_parking||||||wall_loops||45.5308247|9.1061278
8224105034|bicycle_parking||||||wall_loops||45.5305419|9.1060916
8255800150|bicycle_parking||||||bollard||45.5328342|9.1387330
8265067930|bicycle_parking||no||||stands||45.4825345|9.1935530
8265067931|bicycle_parking||no||||stands||45.4826013|9.1934085
8265067932|bicycle_parking||||||stands||45.4830805|9.1924461
8265067933|bicycle_parking||no||||stands||45.4875789|9.1871358
8265067945|bicycle_parking||||||stands||45.4912277|9.1852643
8267337486|bicycle_parking||no||||stands||45.4747981|9.2056357
8284945639|bicycle_parking||||||wall_loops||45.5421381|9.1268076
8306480607|bicycle_parking||||||wall_loops||45.5294563|9.1452203
8306480608|bicycle_parking||||||wall_loops||45.5295169|9.1453390
8337048667|bicycle_parking||||||Verona_rack||45.4793168|9.1698943
8339207552|bicycle_parking||no||private||wall_loops||45.4181871|9.2726869
8366989118|bicycle_parking||no|no|customers|no|wall_loops||45.5723387|8.9261604
8383943102|bicycle_parking||||||stands||45.4334699|9.2382272
8383960456|bicycle_parking||||||stands||45.4336345|9.2378760
8383969519|bicycle_parking||||||stands||45.4337123|9.2378181
8383969520|bicycle_parking||yes||||stands||45.4336897|9.2377399
8465668997|bicycle_parking||no||yes|no|wall_loops||45.4276481|9.2590506
8556324827|bicycle_parking||||||||45.3880664|9.3089930
8572375742|bicycle_parking||no||yes|no|wide_stands||45.4186571|9.2594489
8578791036|bicycle_parking||||||||45.5218477|9.1501311
8618189015|bicycle_parking||no||yes|no|anchors||45.6083626|9.5221482
8626156964|bicycle_parking||||||Verona_rack||45.4629300|9.1764774
8626156965|bicycle_parking||||||Verona_rack||45.4636768|9.1758102
8647488526|bicycle_parking||no||||stands||45.4873941|9.2209143
8655099061|bicycle_parking||||customers||wall_loops||45.4709114|9.1940244
8655099062|bicycle_parking||||customers||wall_loops||45.4709660|9.1940794
8655099063|bicycle_parking||||customers||wall_loops||45.4709660|9.1941183
8661356142|bicycle_parking||||||||45.4709965|9.1581612
8661356143|bicycle_parking||||||||45.4711548|9.1579591
8663905121|bicycle_parking||no|no|customers|no|wall_loops||45.5670173|8.9625722
8682599557|bicycle_parking||no||||wall_loops||45.4365856|9.2408811
8682606231|bicycle_parking||no||yes||wall_loops||45.4346137|9.2409047
8682673925|bicycle_parking||||||||45.4361218|9.2390354
8688123851|bicycle_parking||||||stands||45.5307885|9.1393332
8688123859|bicycle_parking||||||stands||45.5308819|9.1393188
8688128974|bicycle_parking||yes||||stands||45.5287417|9.1395592
8718754492|bicycle_parking||||||wall_loops||45.5434428|9.1229848
8718754493|bicycle_parking||||||wall_loops||45.5435508|9.1228768
8718754495|bicycle_parking||yes||||stands||45.5434978|9.1228252
8718754496|bicycle_parking||yes||||stands||45.5434231|9.1226703
8718760003|bicycle_parking||yes||||stands||45.5430366|9.1217744
8741564985|bicycle_parking||no|||no|wall_loops||45.5260604|9.3281708
8741564986|bicycle_parking||no|||no|wall_loops||45.5260509|9.3282882
8741564987|bicycle_parking||no|||no|wall_loops||45.5260248|9.3283165
8741564988|bicycle_parking||no|||no|wall_loops||45.5259282|9.3282961
8741564989|bicycle_parking||no|||no|wall_loops||45.5259551|9.3283029
8741564990|bicycle_parking||no|||no|wall_loops||45.5259322|9.3282623
8755239881|bicycle_parking||||||Verona_rack||45.4862767|9.1295381
8765881655|bicycle_parking||||||stands||45.5076884|8.9010352
8776958679|bicycle_parking||||||wall_loops||45.5074461|9.1378305
8776958696|bicycle_parking||yes||||wall_loops||45.5075004|9.1371770
8825289068|bicycle_parking||no||yes|no|wall_loops||45.6110734|9.5188733
8825294454|bicycle_parking||yes||yes|no|anchors||45.6102157|9.5198028
8836886626|bicycle_parking||no||||stands||45.4946185|9.2219588
8836886628|bicycle_parking||no||||stands||45.4932029|9.2222299
8836886666|bicycle_parking||||||stands||45.4963024|9.2235931
8836886667|bicycle_parking||||||stands||45.4961891|9.2235462
8853824942|bicycle_parking||||customers|no|||45.4850415|9.2639096
8855920179|bicycle_parking||||||||45.4447413|9.1834803
8862225039|bicycle_parking||no||||stands||45.4447148|9.1927786
8862535666|bicycle_parking||no||||wall_loops||45.5093488|9.1885185
8862535667|bicycle_parking||no||||wall_loops||45.5094111|9.1885453
8862535668|bicycle_parking||no||customers||wall_loops||45.5094291|9.1884778
8862535669|bicycle_parking||no||customers||wall_loops||45.5086364|9.1864740
8862535670|bicycle_parking||yes||customers||wall_loops||45.5087859|9.1858947
8862535671|bicycle_parking||yes||customers||wall_loops||45.5087671|9.1859724
8862535672|bicycle_parking||||customers||wall_loops||45.5080341|9.1835033
8862535673|bicycle_parking||no||customers|no|Verona_rack||45.5095091|9.1873279
8862535674|bicycle_parking||no||customers|no|Verona_rack||45.5096043|9.1873740
8862535675|bicycle_parking||no||customers|no|Verona_rack||45.5085258|9.1874853
8862535676|bicycle_parking||no||customers|no|Verona_rack||45.5085355|9.1874403
8862535677|bicycle_parking||no||customers|no|Verona_rack||45.5085453|9.1873953
8862535678|bicycle_parking||yes||customers|no|Verona_rack||45.5107482|9.1868482
8862535679|bicycle_parking||yes||customers|no|Verona_rack||45.5107369|9.1869112
8862535680|bicycle_parking||no||customers|no|Verona_rack||45.5109127|9.1870212
8862535681|bicycle_parking||no||customers|no|Verona_rack||45.5104512|9.1882909
8862535682|bicycle_parking||no||customers|no|Verona_rack||45.5103603|9.1880251
8862535683|bicycle_parking||no||customers|no|Verona_rack||45.5103513|9.1880658
8869295417|bicycle_parking||no||||||45.4392215|9.2032419
8871610624|bicycle_parking||no||customers|no|Verona_rack||45.5085160|9.1875303
8875874337|bicycle_parking||||||||45.4424938|9.2394148
8875874347|bicycle_parking||||||||45.4426361|9.2403097
8889819532|bicycle_parking||no||yes|no|wall_loops||45.5358981|9.4768462
8889819533|bicycle_parking||no||yes|no|wall_loops||45.5358575|9.4769258
8894677305|bicycle_parking||||customers||wall_loops||45.5099005|9.1843792
8894677306|bicycle_parking||||customers||wall_loops||45.5094517|9.1844652
8894677307|bicycle_parking||yes||customers||wall_loops||45.5094291|9.1844541
8910030824|bicycle_parking||no||||wall_loops||45.4377259|9.2429083
8919010822|bicycle_parking||yes||customers||wall_loops||45.5088902|9.1859178
8919053653|bicycle_parking||no||||Verona_rack||45.4807936|9.1874966
8933504822|bicycle_parking||no|||no|shed||45.5501311|9.0798753
8936675381|bicycle_parking||||||wall_loops||45.5396166|9.1196434
8938471842|bicycle_parking||||||||45.5561229|9.0761385
8938528369|bicycle_parking||no|||no|||45.5558061|9.0753563
8938528370|bicycle_parking||no|||no|||45.5559411|9.0743560
8938528371|bicycle_parking||no|||no|||45.5560252|9.0743439
8951013991|bicycle_parking||no||||stands||45.4838348|9.1902189
8951017575|bicycle_parking||no||||stands||45.4853223|9.1804199
8951018652|bicycle_parking||||||stands||45.4830580|9.1654371
8951020034|bicycle_parking||||||stands||45.4811192|9.1820910
8951020035|bicycle_parking||no||||stands||45.4718782|9.1838918
8951020931|bicycle_parking||||||stands||45.4718907|9.1820031
8951020932|bicycle_parking||||||stands||45.4820317|9.1631383
8951024188|bicycle_parking||no||||stands||45.4958552|9.2175296
8951026161|bicycle_parking||||||wall_loops||45.5015940|9.2291369
8951026496|bicycle_parking||||||wall_loops||45.4801012|9.1833213
8951026497|bicycle_parking||no||||stands||45.4846819|9.1789831
8951026926|bicycle_parking||||||wall_loops||45.4715244|9.1824264
8951027558|bicycle_parking||no||||stands||45.4927019|9.2229668
8951027559|bicycle_parking||no||||stands||45.4830970|9.1886193
8951027561|bicycle_parking||no||||stands||45.4947754|9.2170424
8951027958|bicycle_parking||||||wall_loops||45.4956813|9.2196746
8951027959|bicycle_parking||no||||stands||45.4830763|9.1886555
8951027960|bicycle_parking||||||stands||45.4825012|9.1663728
8951028095|bicycle_parking||||||stands||45.4950740|9.2195134
8951040463|bicycle_parking||no||||stands||45.4932673|9.2164857
8951044121|bicycle_parking||||||stands||45.4692634|9.1851253
8951044711|bicycle_parking||||||wall_loops||45.4933684|9.2235115
8951046122|bicycle_parking||||private||wall_loops||45.4998572|9.2269408
8951338340|bicycle_parking||||||||45.5684305|9.1659199
8951338342|bicycle_parking||||||||45.5684797|9.1647116
8954741614|bicycle_parking||no||||stands||45.4869134|9.2167918
8954768477|bicycle_parking||no||||stands||45.4842110|9.2150458
8954770021|bicycle_parking||no||||stands||45.4933702|9.2162751
8954770572|bicycle_parking||||||stands||45.4978160|9.2253002
8954770854|bicycle_parking||||||stands||45.4974672|9.2253906
8954771535|bicycle_parking||||||stands||45.4981030|9.2252658
8954771536|bicycle_parking||no||||stands||45.4930688|9.2161369
8957825860|bicycle_parking||||||stands||45.4907904|9.2182333
8999635528|bicycle_parking||no|||no|bollard||45.4495221|9.1896893
8999635529|bicycle_parking||no|||no|bollard||45.4489557|9.1892334
9002324573|bicycle_parking||yes||permissive||wall_loops||45.5395766|9.1342286
9002324577|bicycle_parking||yes||permissive||wall_loops||45.5403126|9.1343386
9023574504|bicycle_parking||no||||stands||45.4663746|9.1904721
9023574506|bicycle_parking||no||||stands||45.4687782|9.1819904
9023574507|bicycle_parking||no||||stands||45.4688975|9.1818268
9023574509|bicycle_parking||no||||stands||45.4684653|9.1815062
9023574510|bicycle_parking||no||||stands||45.4685845|9.1813427
9023574512|bicycle_parking||no||||stands||45.4681868|9.1817197
9023597717|bicycle_parking||no||||wall_loops||45.4677082|9.1803684
9042588977|bicycle_parking||||||||45.4795322|9.1519928
9061469963|bicycle_parking||no|no||no|wall_loops||45.5183614|9.0876347
9072038840|bicycle_parking||yes|yes|permit|no|||45.5172605|9.0877050
9083530861|bicycle_parking||no||||verona_rack||45.4924132|9.1887593
9088119843|bicycle_parking||||||anchors||45.5623327|9.0800306
9106052056|bicycle_parking|||||no|||45.5534984|9.0827245
9110459641|bicycle_parking||no|||no|wall_loops||45.4655585|9.1866486
9140477316|bicycle_parking||no||yes||wall_loops||45.5056935|9.2202865
9153381826|bicycle_parking||||||||45.4227443|9.2644283
9153381827|bicycle_parking||||||||45.4227468|9.2646407
9166006448|bicycle_parking||||||||45.3699038|9.1720917
9176209098|bicycle_parking||no||yes|no|stands||45.4182463|9.2711402
9176507822|bicycle_parking||no||yes||stands||45.4099362|9.2882350
9176507823|bicycle_parking||no|||no|wall_loops||45.4104966|9.2776100
9176507824|bicycle_parking||no|||no|stands||45.4085032|9.2708605
9176507825|bicycle_parking||no||yes|no|stands||45.4089489|9.2690360
9176507826|bicycle_parking||no||yes|no|stands||45.4090971|9.2685666
9177021794|bicycle_parking||||||||45.5228836|9.2730441
9177021796|bicycle_parking||||||||45.5229716|9.2728414
9177070922|bicycle_parking||||||||45.5249188|9.2749477
9178858107|bicycle_parking||||||||45.4074509|9.2637707
9182527774|bicycle_parking||||||rack||45.5516796|9.0732754
9182758505|bicycle_parking||||||stands||45.5416625|9.1010341
9187261625|bicycle_parking||no|||no|wall_loops||45.5235637|9.2206327
9187261626|bicycle_parking||no|||no|stands||45.5237608|9.2194467
9207643591|bicycle_parking||||||wall_loops||45.5603071|9.0606295
9207643598|bicycle_parking||||||wall_loops||45.5601928|9.0606621
9211763169|bicycle_parking||||||||45.5600520|9.0602778
9211763170|bicycle_parking||||||||45.5602583|9.0602282
9213833066|bicycle_parking||no||yes|no|wall_loops||45.4778573|9.2270108
9213833067|bicycle_parking||no||yes|no|wall_loops||45.4778508|9.2270886
9213833068|bicycle_parking||no||yes|no|wall_loops||45.4778454|9.2271540
9219455197|bicycle_parking||||||stands||45.4670268|9.1886259
9231411141|bicycle_parking||||||||45.5545376|9.0641589
9237388592|bicycle_parking||||||Verona_rack||45.4634929|9.1639186
9237388593|bicycle_parking||||||Verona_rack||45.4635207|9.1638576
9237388594|bicycle_parking||||||Verona_rack||45.4636476|9.1639636
9237388595|bicycle_parking||||||Verona_rack||45.4636411|9.1638938
9238795520|bicycle_parking||no||yes|no|wall_loops||45.4793863|9.2259649
9277976971|bicycle_parking||||||||45.5500169|9.0785814
9280640891|bicycle_parking||||||||45.5525703|9.0787126
9283494746|bicycle_parking||||||||45.4158686|9.2603429
9290643647|bicycle_parking||||||||45.4404717|9.2410284
9290643648|bicycle_parking||||||||45.4404353|9.2409780
9291089902|bicycle_parking||||||||45.4730646|8.9128122
9291089903|bicycle_parking||||||||45.4729889|8.9125226
9293581485|bicycle_parking||no||||wall_loops||45.5013691|9.1013105
9306976954|bicycle_parking||||||||45.5591947|9.0612679
9312868812|bicycle_parking||||||||45.5416502|9.0671003
9313240503|bicycle_parking||||||||45.3615703|9.3461017
9316137789|bicycle_parking||||||||45.5574337|9.0799506
9318459492|bicycle_parking||||||||45.5558657|9.0767108
9320981606|bicycle_parking||||||||45.5450022|9.0779576
9326620322|bicycle_parking||||||wall_loops||45.5069503|9.2528451
9326620323|bicycle_parking||||||wall_loops||45.5069051|9.2527891
9326620324|bicycle_parking||||||wall_loops||45.5076434|9.2518393
9328436029|bicycle_parking||||||||45.5575166|9.0802661
9331888980|bicycle_parking||||||||45.5582291|9.0759083
9332918041|bicycle_parking||||||||45.5657270|9.0936298
9336827261|bicycle_parking||no||||Verona_rack||45.4658072|9.1648011
9365555079|bicycle_parking||no||yes|no|wall_loops||45.6075780|9.5219603
9365657147|bicycle_parking||no||yes|no|wall_loops||45.6072276|9.5206796
9385520609|bicycle_parking||||||lockers||45.5312234|9.2788652
9424744686|bicycle_parking||||||||45.4489377|9.1734863
9429143104|bicycle_parking||||||||45.5709353|9.0909929
9432243787|bicycle_parking||||||||45.5266890|9.0678556
9437083876|bicycle_parking||no||yes|no|wall_loops||45.6072345|9.5197032
9437466324|bicycle_parking||||||wall_loops||45.5385342|9.1370419
9437911219|bicycle_parking||||||stands||45.5399730|9.1379964
9438162968|bicycle_parking||||||||45.5560598|9.0761640
9438163009|bicycle_parking||||||||45.5560625|9.0762139
9439248074|bicycle_parking||no||yes||wall_loops||45.6110064|9.5181335
9442586730|bicycle_parking||||||||45.4183572|9.2632742
9442586731|bicycle_parking||||||||45.4179788|9.2635787
9474160927|bicycle_parking||||||||45.5707805|9.0261493
9484676013|bicycle_parking||||||||45.5546212|9.0640146
9484738792|bicycle_parking||||||||45.5490827|9.0725731
9497395142|bicycle_parking||no||yes|no|||45.5564573|8.9792766
9506647472|bicycle_parking||||||||45.4090448|9.2694679
9510718946|bicycle_parking||||||||45.4702462|9.2634291
9514365237|bicycle_parking||no||||stands||45.5013173|9.2139143
9514365238|bicycle_parking||no||||stands||45.5012130|9.2138956
9514365239|bicycle_parking||no||||stands||45.5013385|9.2132183
9520625782|bicycle_parking||||||||45.4291552|9.3086654
9520625793|bicycle_parking||||||||45.4295088|9.3104442
9537181355|bicycle_parking||||||||45.4234439|9.2653226
9537181375|bicycle_parking||no||||wall_loops||45.4232400|9.2655836
9537181378|bicycle_parking||||||||45.4231394|9.2656998
9537181379|bicycle_parking||||||||45.4236206|9.2651082
9537181380|bicycle_parking||no||||wall_loops||45.4238120|9.2648741
9537181381|bicycle_parking||no||||wall_loops||45.4236694|9.2650481
9543816502|bicycle_parking||||||||45.4473984|8.9884436
9543816503|bicycle_parking||||||||45.4474078|8.9884811
9545950755|bicycle_parking||yes||yes|no|shed||45.1790203|9.4901467
9548249105|bicycle_parking||||||||45.5478480|9.0789102
9550431074|bicycle_parking||||||||45.5454209|9.0883390
9550431075|bicycle_parking||||||||45.5453252|9.0883589
9554741209|bicycle_parking||||||||45.5464536|9.0728982
9558949977|bicycle_parking||||||||45.4154660|9.2636455
9563439780|bicycle_parking||||||informal||45.5560380|9.0768407
9563439781|bicycle_parking||||||informal||45.5558711|9.0766045
9567890749|bicycle_parking||||||||45.4163066|9.2613730
9567890753|bicycle_parking||||||||45.4161145|9.2615710
9567890756|bicycle_parking||||||||45.4159119|9.2617805
9579329283|bicycle_parking||||||||45.4127116|9.2750474
9580493070|bicycle_parking||||||||45.5535627|9.0817862
9580493078|bicycle_parking||||||||45.5536728|9.0818382
9585341581|bicycle_parking||no||||||45.5362678|9.0323272
9585341590|bicycle_parking||||||||45.5370249|9.0321562
9595211903|bicycle_parking||||||||45.4301814|9.3120233
9595821327|bicycle_parking||||||Verona_rack||45.4708329|9.2050885
9595821328|bicycle_parking||||||Verona_rack||45.4708743|9.2051375
9604411559|bicycle_parking||||||||45.4060528|9.2635405
9607667539|bicycle_parking||no||yes|no|||45.5476361|9.1238801
9624581453|bicycle_parking||||||Verona_rack||45.4788447|9.1748634
9626094049|bicycle_parking||||||||45.4949342|9.1174542
9626094073|bicycle_parking||||||||45.4960105|9.1151200
9653849395|bicycle_parking||||||||45.5281698|9.2716256
9655638210|bicycle_parking||no||||stands||45.5008271|9.2127155
9678037619|bicycle_parking||||||rack||45.4203127|9.2757704
9680973645|bicycle_parking||no||||handlebar_holder||45.5070934|9.1029830
9680973646|bicycle_parking||||||||45.5071312|9.1035668
9680973647|bicycle_parking||||||||45.5079132|9.1043367
9680973648|bicycle_parking||||||||45.5079414|9.1043624
9694686672|bicycle_parking||no||||stands||45.4708024|9.2324876
9694686673|bicycle_parking||yes||yes||stands||45.4717168|9.2324794
9698391838|bicycle_parking||no||||wall_loops||45.4834566|9.1915397
9738276616|bicycle_parking||no||||wall_loops||45.4469534|9.2101605
9759795524|bicycle_parking||no||||||45.4441539|9.2060182
9785179210|bicycle_parking||||||||45.5683600|9.1659436
9788474413|bicycle_parking||no||||||45.4788627|9.2017874
9793710667|bicycle_parking||no||||Verona_rack||45.4782204|9.2011625
9798717872|bicycle_parking||no||||stands||45.5013446|9.2127255
9798717873|bicycle_parking||no||||stands||45.5012920|9.2130004
9830535536|bicycle_parking||no||||||45.4623827|9.2058480
9843301149|bicycle_parking||no||||wall_loops||45.5113836|9.2041189
9888629738|bicycle_parking||||||||45.3541276|9.2007739
9888629739|bicycle_parking||||||||45.3541164|9.2008377
9889377976|bicycle_parking||||||||45.3560972|9.1987261
9901839167|bicycle_parking||no|no|customers|no|stands||45.5517075|8.8763400
9911067373|bicycle_parking||||||||45.4325020|9.3114933
9931791705|bicycle_parking||||||||45.5743254|9.0275528
9936083733|bicycle_parking||no||yes|no|rack||45.6088203|9.5224204
10006120276|bicycle_parking||||||||45.4771697|9.1554678
10006120277|bicycle_parking||no||||wall_loops||45.4775809|9.1559657
10008511699|bicycle_parking||no||customers|no|wall_loops||45.5242092|9.3472215
10068854763|bicycle_parking||||||||45.4431989|9.1888071
10069279752|bicycle_parking||||||||45.4370217|9.3276739
10074720690|bicycle_parking||yes||||Verona_rack||45.5337790|9.1730261
10114104417|bicycle_parking||||||||45.4262121|9.2504519
10123115133|bicycle_parking||no||||||45.5019709|9.2133306
10137371733|bicycle_parking||||||||45.4767304|9.2106083
10137371734|bicycle_parking||||||||45.4765818|9.2109196
10182562257|bicycle_parking||||yes||||45.4064573|9.2698224
10184212706|bicycle_parking||||||||45.4261507|9.2649767
10187294816|bicycle_parking||||||||45.4134234|9.2666910
10284897432|bicycle_parking||||||||45.4107959|9.2783642
10284897433|bicycle_parking||||||||45.4103045|9.2786095
10284897434|bicycle_parking||||||||45.4094134|9.2793181
10571178153|bicycle_parking||||||||45.5573777|9.0770734
10648176601|bicycle_parking||no||yes|no|||45.4869999|9.2202174
10648176602|bicycle_parking||no||yes|no|||45.4870590|9.2201287
10665175295|bicycle_parking||||||||45.4612947|9.2440328
10679230990|bicycle_parking||no||||wall_loops||45.5298735|8.7333958
10697074245|bicycle_parking||no||||anchors||45.5764953|9.4838458
10801439505|bicycle_parking||no||||wall_loops||45.4650581|9.1425173
10816299141|bicycle_parking||no||yes||wall_loops||45.4602935|9.1969620
10840488333|bicycle_parking||||||Verona_rack||45.5688034|9.1644309
10876446207|bicycle_parking||yes||yes|no|||45.6041300|9.5119787
10878799232|bicycle_parking||||customers||Verona_rack||45.4595418|9.1203515
10878799233|bicycle_parking||||customers||Verona_rack||45.4592238|9.1211535
10878799234|bicycle_parking||||customers||Verona_rack||45.4587149|9.1214392
10914062897|bicycle_parking||yes||||||45.4236058|9.2587339
10936409905|bicycle_parking||||||||45.4190278|9.2701692
10951924826|bicycle_parking||no||||||45.5092128|9.1990709
10951924827|bicycle_parking||no||||||45.5092072|9.1990987
10967936668|bicycle_parking||||||rack||45.5512114|9.1817567
11009719030|bicycle_parking||||||||45.3436867|9.2021177
11022996618|bicycle_parking||no||yes|no|lockers||45.4991765|9.1475724
11056611707|bicycle_parking||no||yes|no|||45.6049068|9.5189893
11078756527|bicycle_parking||||||||45.4731710|9.3068828
11097166576|bicycle_parking||no|||no|front_wheel||45.5478723|9.1115715
11109112483|bicycle_parking||no||||wall_loops||45.4793457|9.2098466
11163390446|bicycle_parking||yes|yes|permit|no|shed||45.5526700|9.1119406
11163390447|bicycle_parking||yes|||no|front_wheel||45.5524090|9.1121445
11197475088|bicycle_parking||no||yes|no|wall_loops||45.5045970|9.2701633
11197475089|bicycle_parking||no||yes|no|wall_loops||45.5046146|9.2689039
11197475090|bicycle_parking||no||yes|no|wall_loops||45.5042265|9.2683278
11197528528|bicycle_parking||no||yes|no|wall_loops||45.5020631|9.2668083
11197940733|bicycle_parking||no||yes|no|wall_loops||45.5033332|9.2703033
11197997818|bicycle_parking||no||yes|no|wall_loops||45.5021452|9.2689062
11198012738|bicycle_parking||no||yes|no|wall_loops||45.5027276|9.2699812
11263953368|bicycle_parking||yes||customers|yes|stands||45.3915773|9.2873854
11263954702|bicycle_parking||no||||bollard||45.3911083|9.2868078
11264539117|bicycle_parking||no||||wall_loops||45.4704721|9.2198692
11277639652|bicycle_parking||no||yes|no|lockers||45.4882507|9.2234123
11310501282|bicycle_parking||no||||wall_loops||45.5012360|9.1980847
11313942647|bicycle_parking||no||yes|no|||45.4723260|9.1729937
11332576760|bicycle_parking||||||rack||45.5489302|9.1766717
11332576761|bicycle_parking||||||rack||45.5488495|9.1762819
11379225363|bicycle_parking||||yes||lockers||45.4067147|9.2683593
11381197510|bicycle_parking||||||lockers||45.4175173|9.2580098
11404353319|bicycle_parking||||||lockers||45.4300512|9.2670424
11409602392|bicycle_parking||no||||stands||45.4684854|9.2307807
11444026881|bicycle_parking||no|||no|wall_loops||45.5226900|9.2139714
11446418537|bicycle_parking||no||yes|no|stands||45.5081313|9.1988586
11446418538|bicycle_parking||no||yes|no|stands||45.5080715|9.1988284
11469057756|bicycle_parking||||||||45.4444687|9.2053241
11492082399|bicycle_parking||no||yes|no|||45.4799026|9.1522859
11595340670|bicycle_parking||||||||45.4676888|9.2073383
11595341469|bicycle_parking||||||||45.4680686|9.2073410
11634549169|bicycle_parking||||||||45.4836609|9.1888612
11634711569|bicycle_parking||||||||45.4836372|9.1888490
11722348681|bicycle_parking||no||||wall_loops||45.4511317|9.2112682
11722354028|bicycle_parking||no||||wall_loops||45.4511249|9.2112952
11722358670|bicycle_parking||no||||wall_loops||45.4511246|9.2113289
11725332503|bicycle_parking||no||yes|no|stands||45.5093586|9.1993066
11725332504|bicycle_parking||no|no|yes|no|stands||45.5093009|9.1992785
11726704469|bicycle_parking||||||||45.4684532|9.2067936
11726718275|bicycle_parking||no||||wall_loops||45.4817902|9.2212952
11728210469|bicycle_parking||no||||wall_loops||45.5170684|9.2123923
11737371732|bicycle_parking||no||||wall_loops||45.4484720|9.2114319
11741854340|bicycle_parking||no||||wall_loops||45.4821678|9.2125191
11741867184|bicycle_parking||no||||wall_loops||45.4813434|9.2121590
11741923274|bicycle_parking||no||yes|no|wall_loops||45.5174051|9.2135821
11748032925|bicycle_parking||no||||wall_loops||45.4827157|9.2194501
11755583551|bicycle_parking||no||yes|no|wall_loops||45.4863057|9.3276022
11755592176|bicycle_parking||yes||yes|no|stands||45.4859669|9.3280795
11755635876|bicycle_parking||yes||||two-tier||45.4865833|9.3279293
11755812061|bicycle_parking||no||||wall_loops||45.5037535|9.2240329
11769645005|bicycle_parking||no||||stands||45.4794406|9.2292435
11769655081|bicycle_parking||no||||stands||45.4785920|9.2255741
11776276612|bicycle_parking||no||||stands||45.4803373|9.2124681
11777819927|bicycle_parking||no||||wall_loops||45.4779024|9.2344799
11778511709|bicycle_parking||no||||wall_loops||45.4764824|9.2168758
11778521550|bicycle_parking||no||||wall_loops||45.4765778|9.2173911
11780647537|bicycle_parking||no||||wall_loops||45.4962412|9.2356006
11782835793|bicycle_parking||no|||no|rack||45.5425557|9.4483866
11786481573|bicycle_parking||||||wall_loops||45.5462315|9.4547475
11786481574|bicycle_parking||||||wall_loops||45.5462655|9.4544586
11786481575|bicycle_parking||||||wall_loops||45.5463663|9.4536283
11786481576|bicycle_parking||||||wall_loops||45.5464003|9.4533364
11802139443|bicycle_parking||||||lockers||45.4162643|9.2359962
11802139444|bicycle_parking||||||lockers||45.4163841|9.2357128
11802144332|bicycle_parking||||||||45.4360579|9.2390552
11802380897|bicycle_parking||||||||45.4417335|9.2408483
11802380899|bicycle_parking||||||||45.4418069|9.2408799
11824615016|bicycle_parking||||||lockers||45.4362442|9.2347692
11824615027|bicycle_parking||||||||45.4368467|9.2346772
11824649174|bicycle_parking||||||shed||45.4343694|9.2376283
11824649175|bicycle_parking||||||shed||45.4343437|9.2376675
11836720124|bicycle_parking||||||||45.4109394|9.2780176
11836720125|bicycle_parking||||||||45.4108562|9.2780037
11837879992|bicycle_parking||||||||45.4333915|9.2399110
11837889194|bicycle_parking||||yes||||45.4245514|9.2559404
11837955083|bicycle_parking||||||||45.4355521|9.2393379
11844523033|bicycle_parking||||yes||lockers||45.4155096|9.2635571
11854366068|bicycle_parking||no||||stands||45.4727195|9.2304927
11871517143|bicycle_parking||no||||wall_loops||45.4690275|9.2241017
11886032206|bicycle_parking||||||||45.3911236|9.2537579
11890803394|bicycle_parking||||||lockers||45.4286379|9.2956133
11890803395|bicycle_parking||||||lockers||45.4286157|9.2956150
11890922917|bicycle_parking||||||lockers||45.4171130|9.3978382
11890922918|bicycle_parking||||||lockers||45.4169056|9.3985529
11945673137|bicycle_parking||no||||wall_loops||45.5205074|9.2186508
11951573735|bicycle_parking||no||||wall_loops||45.4717901|9.2025483
